<favourites>
	<favourite name="[COLOR gold]=== Radio &amp; Music - רדיו ומוזיקה ===[/COLOR]" thumb="">Noop</favourite>
	<favourite name="[COLOR white]=== כדי לא להכביד על המערכת מומלץ להתקין רק את ההרחבות שבהן משתמשים ! ===[/COLOR]" thumb="">Noop</favourite>
	<favourite name="([COLOR orchid]עידן+ פלוס[/COLOR]) [COLOR white]ערוצי רדיו מישראל[/COLOR]" thumb="special://home/media/images/icons2/idanplus.png">ActivateWindow(10025,&quot;plugin://plugin.video.idanplus/?iconimage=%252Fhome%252Fpenguin%252F.kodi%252Faddons%252Fplugin.video.idanplus%252Ficon.png&amp;mode=3&amp;module&amp;moredata&amp;name=%5bB%5d%d7%a8%d7%93%d7%99%d7%95%5b%2fB%5d&amp;url&amp;sf_options=fanart%3Dspecial%3A%2F%2Fhome%2Faddons%2Fplugin.video.idanplus%2Ficon.png%26meta%3Dvotes%253D0%2526label%253D%25255BB%25255D%2525D7%2525A8%2525D7%252593%2525D7%252599%2525D7%252595%25255B%25252FB%25255D%2526title%253D%25255BB%25255D%2525D7%2525A8%2525D7%252593%2525D7%252599%2525D7%252595%25255B%25252FB%25255D%26_options_sf&quot;,return)</favourite>
	<favourite name="([COLOR orchid]עידן+ פלוס[/COLOR]) [COLOR white]תכניות רדיו מישראל[/COLOR]" thumb="special://home/media/images/icons2/idanplus.png">ActivateWindow(10025,&quot;plugin://plugin.video.idanplus/?iconimage=%252Fhome%252Fpenguin%252F.kodi%252Faddons%252Fplugin.video.idanplus%252Ficon.png&amp;mode=12&amp;module&amp;moredata&amp;name=%5bB%5d%d7%aa%d7%9b%d7%a0%d7%99%d7%95%d7%aa%20%d7%a8%d7%93%d7%99%d7%95%5b%2fB%5d&amp;url&amp;sf_options=fanart%3Dspecial%3A%2F%2Fhome%2Faddons%2Fplugin.video.idanplus%2Ficon.png%26meta%3Dvotes%253D0%2526label%253D%25255BB%25255D%2525D7%2525AA%2525D7%25259B%2525D7%2525A0%2525D7%252599%2525D7%252595%2525D7%2525AA%252B%2525D7%2525A8%2525D7%252593%2525D7%252599%2525D7%252595%25255B%25252FB%25255D%2526title%253D%25255BB%25255D%2525D7%2525AA%2525D7%25259B%2525D7%2525A0%2525D7%252599%2525D7%252595%2525D7%2525AA%252B%2525D7%2525A8%2525D7%252593%2525D7%252599%2525D7%252595%25255B%25252FB%25255D%26_options_sf&quot;,return)</favourite>
	<favourite name="([COLOR orchid]עידן+ פלוס[/COLOR]) [COLOR white]תכניות מוזיקה מישראל[/COLOR]" thumb="special://home/media/images/icons2/idanplus.png">ActivateWindow(10025,&quot;plugin://plugin.video.idanplus/?iconimage=%252Fhome%252Fpenguin%252F.kodi%252Faddons%252Fplugin.video.idanplus%252Ficon.png&amp;mode=14&amp;module&amp;moredata&amp;name=%5bB%5d%d7%9e%d7%95%d7%96%d7%99%d7%a7%d7%94%5b%2fB%5d&amp;url&amp;sf_options=fanart%3Dspecial%3A%2F%2Fhome%2Faddons%2Fplugin.video.idanplus%2Ficon.png%26meta%3Dvotes%253D0%2526label%253D%25255BB%25255D%2525D7%25259E%2525D7%252595%2525D7%252596%2525D7%252599%2525D7%2525A7%2525D7%252594%25255B%25252FB%25255D%2526title%253D%25255BB%25255D%2525D7%25259E%2525D7%252595%2525D7%252596%2525D7%252599%2525D7%2525A7%2525D7%252594%25255B%25252FB%25255D%26_options_sf&quot;,return)</favourite>
	<favourite name="([COLOR orchid]eco99music[/COLOR]) [COLOR white]מוזיקה[/COLOR]" thumb="special://home/media/images/icons2/eco99music.png">ActivateWindow(10502,&quot;plugin://plugin.audio.eco99music/?sf_options=fanart%3Dspecial%3A%2F%2Fhome%2Faddons%2Fplugin.audio.eco99music%2Fresources%2Fmedia%2Ffanart.jpg%26meta%3Dlabel%253Deco99music%26desc%3D%D7%91%D7%A8%D7%95%D7%9B%D7%99%D7%9D+%D7%94%D7%91%D7%90%D7%99%D7%9D+%D7%9C%D7%AA%D7%95%D7%A1%D7%A3+eco99music+%D7%9E%D7%91%D7%99%D7%AA+%D7%AA%D7%97%D7%A0%D7%AA+%D7%94%D7%A8%D7%93%D7%99%D7%95+eco99fm.+%D7%9E%D7%97%D7%9B%D7%99%D7%9D+%D7%9C%D7%9B%D7%9D+%D7%9B%D7%90%D7%9F+%D7%90%D7%9C%D7%A4%D7%99+%D7%A4%D7%9C%D7%99%D7%99%D7%9C%D7%99%D7%A1%D7%98%D7%99%D7%9D+%D7%95%D7%A1%D7%98%D7%99%D7%9D+%D7%9E%D7%95%D7%96%D7%99%D7%A7%D7%9C%D7%99%D7%99%D7%9D%2C+%D7%A2%D7%A8%D7%95%D7%9B%D7%99%D7%9D+%D7%95%D7%9E%D7%95%D7%9B%D7%A0%D7%99%D7%9D+%D7%9C%D7%94%D7%90%D7%96%D7%A0%D7%94%2C+%D7%95%D7%9E%D7%95%D7%AA%D7%90%D7%9E%D7%99%D7%9D+%D7%9C%D7%9B%D7%9C+%D7%9E%D7%A6%D7%91%2C+%D7%91%D7%9B%D7%9C+%D7%9E%D7%A7%D7%95%D7%9D+%D7%95%D7%91%D7%9B%D7%9C+%D7%A9%D7%A2%D7%94.%0A%D7%AA%D7%94%D7%A0%D7%95%2C+%D7%94%D7%90%D7%96%D7%A0%D7%94+%D7%A0%D7%A2%D7%99%D7%9E%D7%94%21%0A%D7%9C%D7%AA%D7%A9%D7%95%D7%9E%D7%AA+%D7%9C%D7%91%D7%9B%D7%9D-+%D7%94%D7%AA%D7%95%D7%9B%D7%9F+%D7%96%D7%9E%D7%99%D7%9F+%D7%95%D7%A4%D7%A2%D7%99%D7%9C+%D7%91%D7%99%D7%A9%D7%A8%D7%90%D7%9C+%D7%91%D7%9C%D7%91%D7%93.%26_options_sf&quot;,return)</favourite>
	<favourite name="[COLOR white]דרך יוטיוב (המקורי) [/COLOR] ([COLOR aqua]Serviceil[/COLOR]) [COLOR white]סרוויס אי-אל - מוזיקה[/COLOR]" thumb="special://home/media/images/icons2/serviceil.png">ActivateWindow(10025,&quot;plugin://plugin.video.Serviceil/?mode=9876513&amp;name=%5bCOLOR%20aqua%5d%d7%9e%d7%95%d7%96%d7%99%d7%a7%d7%94%20%5b%2fCOLOR%5d&amp;url=url&amp;sf_options=fanart%3Dspecial%3A%2F%2Fhome%2Faddons%2Fplugin.video.Serviceil%2Ffanart.jpg%26meta%3Dlabel%253D%25255BCOLOR%252Baqua%25255D%2525D7%25259E%2525D7%252595%2525D7%252596%2525D7%252599%2525D7%2525A7%2525D7%252594%252B%25255B%25252FCOLOR%25255D%26_options_sf&quot;,return)</favourite>
	<favourite name="[COLOR white]דרך MyYoutube [/COLOR] ([COLOR aqua]Serviceil[/COLOR]) [COLOR white]סרוויס אי-אל - מוזיקה[/COLOR]" thumb="special://home/media/images/icons2/serviceil.png">ActivateWindow(10025,&quot;plugin://plugin.video.Serviceil/?mode=13&amp;name=%5bCOLOR%20aqua%5d%d7%9e%d7%95%d7%96%d7%99%d7%a7%d7%94%20%5b%2fCOLOR%5d&amp;url=url&amp;sf_options=fanart%3Dspecial%3A%2F%2Fhome%2Faddons%2Fplugin.video.Serviceil%2Ffanart.jpg%26meta%3Dlabel%253D%25255BCOLOR%252Baqua%25255D%2525D7%25259E%2525D7%252595%2525D7%252596%2525D7%252599%2525D7%2525A7%2525D7%252594%252B%25255B%25252FCOLOR%25255D%26_options_sf&quot;,return)</favourite>
	<favourite name="([COLOR orchid]Jango[/COLOR]) [COLOR white]מוזיקה[/COLOR]" thumb="special://home/media/images/icons2/jango.png">ActivateWindow(10502,&quot;plugin://plugin.audio.jango/?sf_options=fanart%3Dspecial%3A%2F%2Fhome%2Faddons%2Fplugin.audio.jango%2Ffanart.jpg%26meta%3Dlabel%253DJango%26desc%3DFree+internet+radio.+Listen+to+hundreds+of+genre+stations+or+create+your+own+with+your+favorite+music.%26_options_sf&quot;,return)</favourite>
	<favourite name="([COLOR orchid]MP3 Streams[/COLOR]) [COLOR white]מוזיקה[/COLOR]" thumb="special://home/media/images/icons2/mp3streams.png">ActivateWindow(10502,&quot;plugin://plugin.audio.mp3streams/?sf_options=fanart%3Dspecial%3A%2F%2Fhome%2Faddons%2Fplugin.audio.mp3streams%2Ffanart.jpg%26meta%3Dlabel%253DMP3%252BStreams%26desc%3DBrowse%2C+stream+or+download+your+favourite+songs+and+albums%26_options_sf&quot;,return)</favourite>
	<favourite name="([COLOR orchid]Radio.de[/COLOR]) [COLOR white]ערוצי רדיו מהעולם[/COLOR]" thumb="special://home/media/images/icons2/radio_de.png">ActivateWindow(10502,&quot;plugin://plugin.audio.radio_de/?sf_options=fanart%3Dspecial%3A%2F%2Fhome%2Faddons%2Fplugin.audio.radio_de%2Ffanart.jpg%26meta%3Dlabel%253DRadio%26desc%3D%D7%94%D7%A8%D7%97%D7%91%D7%AA+%D7%9E%D7%95%D7%96%D7%99%D7%A7%D7%94+%D7%94%D7%9E%D7%A1%D7%A4%D7%A7%D7%AA+%D7%92%D7%99%D7%A9%D7%94+%D7%9C%D7%99%D7%95%D7%AA%D7%A8+%D7%9E%D6%BE30000+%D7%A9%D7%99%D7%93%D7%95%D7%A8%D7%99+%D7%A8%D7%93%D7%99%D7%95+%D7%91%D7%99%D7%A0%D7%9C%D7%90%D7%95%D7%9E%D7%99%D7%9D+%D7%9E%D6%BErad.io%2C+radio.de+%D7%95%D6%BEradio.fr%5BCR%5D%D7%9E%D7%90%D7%A4%D7%99%D7%99%D7%A0%D7%99%D7%9D+%D7%A0%D7%95%D7%9B%D7%97%D7%99%D7%99%D7%9D%5BCR%5D-+%D7%A9%D7%A4%D7%95%D7%AA+%D7%90%D7%A0%D7%92%D7%9C%D7%99%D7%AA%2C+%D7%92%D7%A8%D7%9E%D7%A0%D7%99%D7%AA+%D7%95%D7%A6%D7%A8%D7%A4%D7%AA%D7%99%D7%AA%5BCR%5D-+%D7%A2%D7%99%D7%95%D7%9F+%D7%9C%D7%A4%D7%99+%D7%9E%D7%99%D7%A7%D7%95%D7%9D%2C+%D7%A1%D7%92%D7%A0%D7%95%D7%9F%2C+%D7%A0%D7%95%D7%A9%D7%90%2C+%D7%9E%D7%93%D7%99%D7%A0%D7%94%2C+%D7%A2%D7%99%D7%A8+%D7%95%D7%A9%D7%A4%D7%94%5BCR%5D-+%D7%97%D7%99%D7%A4%D7%95%D7%A9+%D7%AA%D7%97%D7%A0%D7%95%D7%AA%5BCR%5D-+115+%D7%A1%D7%92%D7%A0%D7%95%D7%A0%D7%95%D7%AA%2C+59+%D7%A0%D7%95%D7%A9%D7%90%D7%99%D7%9D%2C+94+%D7%9E%D7%93%D7%99%D7%A0%D7%95%D7%AA+1010+%D7%A2%D7%A8%D7%99%D7%9D%2C+63+%D7%A9%D7%A4%D7%95%D7%AA%26_options_sf&quot;,return)</favourite>
	<favourite name="([COLOR orchid]TuneIn Radio[/COLOR]) [COLOR white]ערוצי רדיו מהעולם[/COLOR]" thumb="special://home/media/images/icons2/tuneinradio.png">ActivateWindow(10502,&quot;plugin://plugin.audio.tuneinradio/?sf_options=fanart%3Dspecial%3A%2F%2Fhome%2Faddons%2Fplugin.audio.tuneinradio%2Ffanart.jpg%26meta%3Dlabel%253DTuneIn%252BRadio%26desc%3DTuneIn+Radio+is+a+free+service+that+lets+you+listen+to+anything+in+the+world+from+wherever+you+are.+Whether+you+want+to+hear+music%2C+sports%2C+news+or+current+events.+TuneIn+Radio+offers+over+50%2C000+stations+for+you+to+choose+from.+From+finding+local+stations+to+discovering+new+stations+from+around+the+world%2C+TuneIn+Radio+brings+you+to+where+you+want+to+be.%26_options_sf&quot;,return)</favourite>
	<favourite name="([COLOR fuchsia]TempTV[/COLOR]) [COLOR white]ערוצי מוזיקה מהעולם[/COLOR]" thumb="special://home/media/images/icons2/temptv.png">ActivateWindow(10025,&quot;plugin://plugin.video.temptv/?action=music&amp;sf_options=fanart%3Dspecial%3A%2F%2Fhome%2Faddons%2Fscript.temptv.artwork%2Fresources%2Fmedia%2Ftemptv%2Ffanart.jpg%26meta%3Dlabel%253DMusic%26_options_sf&quot;,return)</favourite>
	<favourite name="([COLOR fuchsia]TempTV[/COLOR]) [COLOR white]ערוצי רדיו מהעולם[/COLOR]" thumb="special://home/media/images/icons2/temptv.png">ActivateWindow(10025,&quot;plugin://plugin.video.temptv/?action=radioNavigator&amp;sf_options=fanart%3Dspecial%3A%2F%2Fhome%2Faddons%2Fscript.temptv.artwork%2Fresources%2Fmedia%2Ftemptv%2Ffanart.jpg%26meta%3Dlabel%253DRadio%26_options_sf&quot;,return)</favourite>
	<favourite name="([COLOR orchid]The Crew Radio[/COLOR]) [COLOR white]ערוצי רדיו מהעולם[/COLOR]" thumb="special://home/media/images/icons2/thecrew_purplehat.png">ActivateWindow(10025,&quot;plugin://plugin.video.thecrew/?action=yellowhat&amp;sf_options=fanart%3Dspecial%3A%2F%2Fhome%2Faddons%2Fscript.thecrew.artwork%2Fresources%2Fmedia%2Fthecrew%2Ffanart.jpg%26meta%3Dlabel%253D%25255BCOLOR%252Borchid%25255D%2525C2%2525A4%25255B%25252FCOLOR%25255D%252B%25255BB%25255D%25255BCOLOR%252Bwhite%25255DRadio%25255B%25252FCOLOR%25255D%25255B%25252FB%25255D%26_options_sf&quot;,return)</favourite>
	<favourite name="([COLOR orchid]עידן+ פלוס[/COLOR]) [COLOR white]פודקאסטים מישראל[/COLOR]" thumb="special://home/media/images/icons2/idanplus.png">ActivateWindow(10025,&quot;plugin://plugin.video.idanplus/?iconimage=%252Fhome%252Fpenguin%252F.kodi%252Faddons%252Fplugin.video.idanplus%252Ficon.png&amp;mode=13&amp;module&amp;moredata&amp;name=%5bB%5d%d7%a4%d7%95%d7%93%d7%a7%d7%90%d7%a1%d7%98%d7%99%d7%9d%5b%2fB%5d&amp;url&amp;sf_options=fanart%3Dspecial%3A%2F%2Fhome%2Faddons%2Fplugin.video.idanplus%2Ficon.png%26meta%3Dvotes%253D0%2526label%253D%25255BB%25255D%2525D7%2525A4%2525D7%252595%2525D7%252593%2525D7%2525A7%2525D7%252590%2525D7%2525A1%2525D7%252598%2525D7%252599%2525D7%25259D%25255B%25252FB%25255D%2526title%253D%25255BB%25255D%2525D7%2525A4%2525D7%252595%2525D7%252593%2525D7%2525A7%2525D7%252590%2525D7%2525A1%2525D7%252598%2525D7%252599%2525D7%25259D%25255B%25252FB%25255D%26_options_sf&quot;,return)</favourite>
</favourites>
