<favourites>
	<favourite name="[COLOR gold]=== TV Channels - ערוצי טלוויזיה ===[/COLOR]" thumb="">Noop</favourite>
	<favourite name="[COLOR lime]=== כדי לא להכביד על המערכת מומלץ להתקין רק את ההרחבות שבהן משתמשים ! ===[/COLOR]" thumb="">Noop</favourite>
	<favourite name="[COLOR white]מדריך שידורים לטלוויזיה הישראלית[/COLOR]" thumb="special://home/media/images/icons2/hebivueguide.png">RunAddon(script.hebivueguide)</favourite>
	<favourite name="([COLOR orchid]עידן+ פלוס[/COLOR]) [COLOR white]טלוויזיה מישראל[/COLOR]" thumb="special://home/media/images/icons2/idanplus.png">ActivateWindow(10025,&quot;plugin://plugin.video.idanplus/?iconimage=%252Fhome%252Fpenguin%252F.kodi%252Faddons%252Fplugin.video.idanplus%252Ficon.png&amp;mode=1&amp;module&amp;moredata&amp;name=%5bB%5d%d7%98%d7%9c%d7%95%d7%99%d7%96%d7%99%d7%94%5b%2fB%5d&amp;url&amp;sf_options=fanart%3Dspecial%3A%2F%2Fhome%2Faddons%2Fplugin.video.idanplus%2Ficon.png%26meta%3Dvotes%253D0%2526label%253D%25255BB%25255D%2525D7%252598%2525D7%25259C%2525D7%252595%2525D7%252599%2525D7%252596%2525D7%252599%2525D7%252594%25255B%25252FB%25255D%2526title%253D%25255BB%25255D%2525D7%252598%2525D7%25259C%2525D7%252595%2525D7%252599%2525D7%252596%2525D7%252599%2525D7%252594%25255B%25252FB%25255D%26_options_sf&quot;,return)</favourite>
	<favourite name="([COLOR orchid]עידן+ פלוס[/COLOR]) [COLOR white]של ערוצי טלוויזיה מישראל[/COLOR] [COLOR white][B]VOD[/B][/COLOR] [COLOR white]ה-[/COLOR]" thumb="special://home/media/images/icons2/idanplus.png">ActivateWindow(10025,&quot;plugin://plugin.video.idanplus/?iconimage=%252Fhome%252Fpenguin%252F.kodi%252Faddons%252Fplugin.video.idanplus%252Ficon.png&amp;mode=2&amp;module&amp;moredata&amp;name=%5bB%5dVOD%5b%2fB%5d&amp;url&amp;sf_options=fanart%3Dspecial%3A%2F%2Fhome%2Faddons%2Fplugin.video.idanplus%2Ficon.png%26meta%3Dvotes%253D0%2526label%253D%25255BB%25255DVOD%25255B%25252FB%25255D%2526title%253D%25255BB%25255DVOD%25255B%25252FB%25255D%26_options_sf&quot;,return)</favourite>
	<favourite name="([COLOR orchid]עידן+ פלוס[/COLOR]) [COLOR white]חיפוש תכניות[/COLOR]" thumb="special://home/media/images/icons2/idanplus.png">ActivateWindow(10025,&quot;plugin://plugin.video.idanplus/?iconimage=%252Fhome%252Fpenguin%252F.kodi%252Faddons%252Fplugin.video.idanplus%252Ficon.png&amp;mode=4&amp;module&amp;moredata&amp;name=%5bB%5d%d7%97%d7%99%d7%a4%d7%95%d7%a9%20%d7%aa%d7%9b%d7%a0%d7%99%d7%95%d7%aa%5b%2fB%5d&amp;url&amp;sf_options=fanart%3Dspecial%3A%2F%2Fhome%2Faddons%2Fplugin.video.idanplus%2Ficon.png%26meta%3Dvotes%253D0%2526label%253D%25255BB%25255D%2525D7%252597%2525D7%252599%2525D7%2525A4%2525D7%252595%2525D7%2525A9%252B%2525D7%2525AA%2525D7%25259B%2525D7%2525A0%2525D7%252599%2525D7%252595%2525D7%2525AA%25255B%25252FB%25255D%2526title%253D%25255BB%25255D%2525D7%252597%2525D7%252599%2525D7%2525A4%2525D7%252595%2525D7%2525A9%252B%2525D7%2525AA%2525D7%25259B%2525D7%2525A0%2525D7%252599%2525D7%252595%2525D7%2525AA%25255B%25252FB%25255D%26_options_sf&quot;,return)</favourite>
	<favourite name="([COLOR fuchsia]TempTV[/COLOR]) [COLOR white]טלוויזיה מהעולם[/COLOR]" thumb="special://home/media/images/icons2/temptv.png">ActivateWindow(10025,&quot;plugin://plugin.video.temptv/?sf_options=fanart%3Dspecial%3A%2F%2Fhome%2Faddons%2Fplugin.video.temptv%2Ffanart.jpg%26meta%3Dlabel%253D%25255BCOLOR%252Bfuchsia%25255DTempTV%25255B%25252FCOLOR%25255D%26desc%3DBeta.+Simple+Free+Light+IPTV+and+1+Click+Movies.%26_options_sf&quot;,return)</favourite>
	<favourite name="([COLOR orchid]The Crew IPTV[/COLOR]) [COLOR white]טלוויזיה מהעולם[/COLOR]" thumb="special://home/media/images/icons2/thecrew_purplehat.png">ActivateWindow(10025,&quot;plugin://plugin.video.thecrew/?action=whitehat&amp;sf_options=fanart%3Dspecial%3A%2F%2Fhome%2Faddons%2Fscript.thecrew.artwork%2Fresources%2Fmedia%2Fthecrew%2Ffanart.jpg%26meta%3Dlabel%253D%25255BCOLOR%252Borchid%25255D%2525C2%2525A4%25255B%25252FCOLOR%25255D%252B%25255BB%25255D%25255BCOLOR%252Bwhite%25255D%25255B%25252FCOLOR%25255D%25255BCOLOR%252Borchid%25255D%25255B%25252FCOLOR%25255D%25255BCOLOR%252Bwhite%25255DIPTV%25255B%25252FCOLOR%25255D%25255B%25252FB%25255D%26_options_sf&quot;,return)</favourite>
</favourites>
