<favourites>
	<favourite name="[COLOR gold]=== Sports - ספורט ===[/COLOR]" thumb="">Noop</favourite>
	<favourite name="[COLOR lime]=== כדי לא להכביד על המערכת מומלץ להתקין רק את ההרחבות שבהן משתמשים ! ===[/COLOR]" thumb="">Noop</favourite>
	<favourite name="([COLOR red][B]R[/B][/COLOR][COLOR white][B]ising[/B][/COLOR] [COLOR pink][B]T[/B][/COLOR][COLOR white][B]ides[/B][/COLOR]) [COLOR white]רייזינג טיידס[/COLOR]" thumb="special://home/media/images/icons2/rising_tides.png">ActivateWindow(10025,&quot;plugin://plugin.video.Rising.Tides/?sf_options=fanart%3Dspecial%3A%2F%2Fhome%2Faddons%2Fplugin.video.Rising.Tides%2Ffanart.jpg%26meta%3Dlabel%253D%25255BCOLOR%252Bred%25255D%25255BB%25255DR%25255B%25252FB%25255D%25255B%25252FCOLOR%25255D%25255BCOLOR%252Bwhite%25255D%25255BB%25255Dising%25255B%25252FB%25255D%25255B%25252FCOLOR%25255D%252B%25255BCOLOR%252Bpink%25255D%25255BB%25255DT%25255B%25252FB%25255D%25255B%25252FCOLOR%25255D%25255BCOLOR%252Bwhite%25255D%25255BB%25255Dides%25255B%25252FB%25255D%25255B%25252FCOLOR%25255D%26desc%3DI+don%27t+have+any+affiliation+with+the+content+provider+nor+KODI.Content+freely+available+on+the+internet.More+info+at+%5BCOLOR+lime%5D%5BB%5D%40mullafabz%5B%2FB%5D%5B%2FCOLOR%5D%26_options_sf&quot;,return)</favourite>
	<favourite name="([COLOR orchid]The Crew[/COLOR]) [COLOR white]ערוצי ספורט מהעולם[/COLOR]" thumb="special://home/media/images/icons2/thecrew.png">ActivateWindow(10025,&quot;plugin://plugin.video.thecrew/?action=bluehat&amp;sf_options=fanart%3Dspecial%3A%2F%2Fhome%2Faddons%2Fscript.thecrew.artwork%2Fresources%2Fmedia%2Fthecrew%2Ffanart.jpg%26meta%3Dlabel%253D%25255BCOLOR%252Borchid%25255D%2525C2%2525A4%25255B%25252FCOLOR%25255D%252B%25255BB%25255D%25255BCOLOR%252Bwhite%25255D%25255B%25252FCOLOR%25255D%25255BCOLOR%252Borchid%25255D%25255B%25252FCOLOR%25255D%25255BCOLOR%252Bwhite%25255DSports%25255B%25252FCOLOR%25255D%25255B%25252FB%25255D%26_options_sf&quot;,return)</favourite>
	<favourite name="([COLOR fuchsia]TempTV[/COLOR]) [COLOR white]1[/COLOR] [COLOR white]ערוצי ספורט מהעולם[/COLOR]" thumb="special://home/media/images/icons2/temptv.png">ActivateWindow(10025,&quot;plugin://plugin.video.temptv/?action=sports&amp;sf_options=fanart%3Dspecial%3A%2F%2Fhome%2Faddons%2Fscript.temptv.artwork%2Fresources%2Fmedia%2Ftemptv%2Ffanart.jpg%26meta%3Dlabel%253DSports%26_options_sf&quot;,return)</favourite>
	<favourite name="([COLOR fuchsia]TempTV[/COLOR]) [COLOR white]2[/COLOR] [COLOR white]ערוצי ספורט מהעולם[/COLOR]" thumb="special://home/media/images/icons2/temptv.png">ActivateWindow(10025,&quot;plugin://plugin.video.temptv/?action=yoursportsliveNavigator&amp;sf_options=fanart%3Dspecial%3A%2F%2Fhome%2Faddons%2Fscript.temptv.artwork%2Fresources%2Fmedia%2Ftemptv%2Ffanart.jpg%26meta%3Dlabel%253DYourSports%26_options_sf&quot;,return)</favourite>
	<favourite name="[COLOR white]דרך יוטיוב (המקורי) [/COLOR] ([COLOR aqua]Serviceil[/COLOR]) [COLOR white]סרוויס אי-אל - ספורט[/COLOR]" thumb="special://home/media/images/icons2/serviceil.png">ActivateWindow(10025,&quot;plugin://plugin.video.Serviceil/?mode=9876515&amp;name=%5bCOLOR%20aqua%5d%d7%a1%d7%a4%d7%95%d7%a8%d7%98%20%5b%2fCOLOR%5d&amp;url=url&amp;sf_options=fanart%3Dspecial%3A%2F%2Fhome%2Faddons%2Fplugin.video.Serviceil%2Ffanart.jpg%26meta%3Dlabel%253D%25255BCOLOR%252Baqua%25255D%2525D7%2525A1%2525D7%2525A4%2525D7%252595%2525D7%2525A8%2525D7%252598%252B%25255B%25252FCOLOR%25255D%26_options_sf&quot;,return)</favourite>
	<favourite name="[COLOR white]דרך MyYoutube [/COLOR] ([COLOR aqua]Serviceil[/COLOR]) [COLOR white]סרוויס אי-אל - ספורט[/COLOR]" thumb="special://home/media/images/icons2/serviceil.png">ActivateWindow(10025,&quot;plugin://plugin.video.Serviceil/?mode=15&amp;name=%5bCOLOR%20aqua%5d%d7%a1%d7%a4%d7%95%d7%a8%d7%98%20%5b%2fCOLOR%5d&amp;url=url&amp;sf_options=fanart%3Dspecial%3A%2F%2Fhome%2Faddons%2Fplugin.video.Serviceil%2Ffanart.jpg%26meta%3Dlabel%253D%25255BCOLOR%252Baqua%25255D%2525D7%2525A1%2525D7%2525A4%2525D7%252595%2525D7%2525A8%2525D7%252598%252B%25255B%25252FCOLOR%25255D%26_options_sf&quot;,return)</favourite>
	<favourite name="[COLOR white]VOD [/COLOR] - [B]ספורט 1[/B]" thumb="special://home/media/images/icons2/sport1.jpg">ActivateWindow(10025,&quot;plugin://plugin.video.idanplus/?iconimage=%252Fhome%252Fpenguin%252F.kodi%252Faddons%252Fplugin.video.idanplus%252Fresources%252Fimages%252Fsport1.jpg&amp;mode=-1&amp;module=sport1&amp;moredata&amp;name=%5bB%5d%d7%a1%d7%a4%d7%95%d7%a8%d7%98%201%5b%2fB%5d&amp;url&amp;sf_options=fanart%3Dspecial%3A%2F%2Fhome%2Faddons%2Fplugin.video.idanplus%2Fresources%2Fimages%2Fsport1.jpg%26meta%3Dvotes%253D0%2526label%253D%25255BB%25255D%2525D7%2525A1%2525D7%2525A4%2525D7%252595%2525D7%2525A8%2525D7%252598%252B1%25255B%25252FB%25255D%2526title%253D%25255BB%25255D%2525D7%2525A1%2525D7%2525A4%2525D7%252595%2525D7%2525A8%2525D7%252598%252B1%25255B%25252FB%25255D%26_options_sf&quot;,return)</favourite>
	<favourite name="[COLOR white]VOD [/COLOR] - [B]ספורט 5[/B]" thumb="special://home/media/images/icons2/Sport5.png">ActivateWindow(10025,&quot;plugin://plugin.video.idanplus/?iconimage=%252Fhome%252Fpenguin%252F.kodi%252Faddons%252Fplugin.video.idanplus%252Fresources%252Fimages%252FSport5.png&amp;mode=-1&amp;module=sport5&amp;moredata&amp;name=%5bB%5d%d7%a1%d7%a4%d7%95%d7%a8%d7%98%205%5b%2fB%5d&amp;url&amp;sf_options=fanart%3Dspecial%3A%2F%2Fhome%2Faddons%2Fplugin.video.idanplus%2Fresources%2Fimages%2FSport5.png%26meta%3Dvotes%253D0%2526label%253D%25255BB%25255D%2525D7%2525A1%2525D7%2525A4%2525D7%252595%2525D7%2525A8%2525D7%252598%252B5%25255B%25252FB%25255D%2526title%253D%25255BB%25255D%2525D7%2525A1%2525D7%2525A4%2525D7%252595%2525D7%2525A8%2525D7%252598%252B5%25255B%25252FB%25255D%26_options_sf&quot;,return)</favourite>
	<favourite name="[COLOR white][B]שידור רדיו מאתר ספורט 5 [/B][/COLOR]" thumb="special://home/media/images/icons2/Sport5.png">PlayMedia(&quot;plugin://plugin.video.idanplus/?moredata=best&amp;name=%5BCOLOR+yellow%5D%5BB%5D%D7%A1%D7%A4%D7%95%D7%A8%D7%98+5+%D7%90%D7%AA%D7%A8%5B%2FB%5D%5B%2FCOLOR%5D&amp;url=5live&amp;iconimage=%252Fhome%252Fpenguin%252F.kodi%252Faddons%252Fplugin.video.idanplus%252Fresources%252Fimages%252FSport5.png&amp;module=sport5&amp;mode=10&amp;sf_options=fanart%3Dspecial%3A%2F%2Fhome%2Faddons%2Fplugin.video.idanplus%2Fresources%2Fimages%2FSport5.png%26meta%3Dvotes%253D0%2526label%253D%25255BCOLOR%252Byellow%25255D%25255BB%25255D%2525D7%2525A1%2525D7%2525A4%2525D7%252595%2525D7%2525A8%2525D7%252598%252B5%252B%2525D7%252590%2525D7%2525AA%2525D7%2525A8%25255B%25252FB%25255D%25255B%25252FCOLOR%25255D%2526title%253D%25255BCOLOR%252Byellow%25255D%25255BB%25255D%2525D7%2525A1%2525D7%2525A4%2525D7%252595%2525D7%2525A8%2525D7%252598%252B5%252B%2525D7%252590%2525D7%2525AA%2525D7%2525A8%25255B%25252FB%25255D%25255B%25252FCOLOR%25255D%26winID%3D10025%26_options_sf&quot;)</favourite>
	<favourite name="[COLOR white][B]שידור וידאו מאתר ספורט 5 [/B][/COLOR]" thumb="special://home/media/images/icons2/Sport5.png">PlayMedia(&quot;plugin://plugin.video.idanplus/?moredata=best&amp;name=%5BCOLOR+yellow%5D%5BB%5D%D7%A1%D7%A4%D7%95%D7%A8%D7%98+5+%D7%90%D7%AA%D7%A8%5B%2FB%5D%5B%2FCOLOR%5D&amp;url=5studio&amp;iconimage=%252Fhome%252Fpenguin%252F.kodi%252Faddons%252Fplugin.video.idanplus%252Fresources%252Fimages%252FSport5.png&amp;module=sport5&amp;mode=10&amp;sf_options=fanart%3Dspecial%3A%2F%2Fhome%2Faddons%2Fplugin.video.idanplus%2Fresources%2Fimages%2FSport5.png%26meta%3Dvotes%253D0%2526label%253D%25255BCOLOR%252Byellow%25255D%25255BB%25255D%2525D7%2525A1%2525D7%2525A4%2525D7%252595%2525D7%2525A8%2525D7%252598%252B5%252B%2525D7%252590%2525D7%2525AA%2525D7%2525A8%25255B%25252FB%25255D%25255B%25252FCOLOR%25255D%2526title%253D%25255BCOLOR%252Byellow%25255D%25255BB%25255D%2525D7%2525A1%2525D7%2525A4%2525D7%252595%2525D7%2525A8%2525D7%252598%252B5%252B%2525D7%252590%2525D7%2525AA%2525D7%2525A8%25255B%25252FB%25255D%25255B%25252FCOLOR%25255D%26winID%3D10025%26_options_sf&quot;)</favourite>
</favourites>
