<favourites>
	<favourite name="[COLOR gold]=== Maintenance - תחזוקה ===[/COLOR]" thumb="">Noop</favourite>
	<favourite name="[COLOR white](a)3[/COLOR] [COLOR white]עדכון מהיר מספר[/COLOR]" thumb="special://home/media/icons/enabled.png">PlayMedia(&quot;plugin://plugin.program.PoodleWizard/?mode=install&amp;name=Poodle+-+Pellucid+18&amp;url=gui&amp;sf_options=fanart%3Dhttps%3A%2F%2Fraw.githubusercontent.com%2FKpoodle%2Fimages%2Fmaster%2Ffanart.png%26meta%3Dplot%253D%2525D7%252591%2525D7%252599%2525D7%25259C%2525D7%252593%252B%2525D7%2525A4%2525D7%252595%2525D7%252593%2525D7%25259C%252B%2525D7%2525A4%2525D7%25259C%2525D7%252595%2525D7%2525A1%2525D7%252599%2525D7%252593%252B%2525D7%25259C%2525D7%2525A7%2525D7%252595%2525D7%252593%2525D7%252599%252B18%252B-%252B%2525D7%25259B%2525D7%25259C%252B%2525D7%252594%2525D7%252594%2525D7%2525A8%2525D7%252597%2525D7%252591%2525D7%252595%2525D7%2525AA%252B%2525D7%2525A2%2525D7%25259C%252B%2525D7%252594%2525D7%25259E%2525D7%2525A1%2525D7%25259A%252B%2525D7%252594%2525D7%2525A8%2525D7%252590%2525D7%2525A9%2525D7%252599%2526votes%253D0%2526label%253D%25255BCOLOR%252Bwhite%25255D%2525D7%2525A2%2525D7%252593%2525D7%25259B%2525D7%252595%2525D7%2525A0%2525D7%252599%2525D7%25259D%252B%2525D7%25259E%2525D7%252594%2525D7%252599%2525D7%2525A8%2525D7%252599%2525D7%25259D%25255B%25252FCOLOR%25255D%2526title%253D%25255BCOLOR%252Bwhite%25255D%2525D7%2525A2%2525D7%252593%2525D7%25259B%2525D7%252595%2525D7%2525A0%2525D7%252599%2525D7%25259D%252B%2525D7%25259E%2525D7%252594%2525D7%252599%2525D7%2525A8%2525D7%252599%2525D7%25259D%25255B%25252FCOLOR%25255D%26winID%3D10001%26desc%3D%D7%91%D7%99%D7%9C%D7%93+%D7%A4%D7%95%D7%93%D7%9C+%D7%A4%D7%9C%D7%95%D7%A1%D7%99%D7%93+%D7%9C%D7%A7%D7%95%D7%93%D7%99+18+-+%D7%9B%D7%9C+%D7%94%D7%94%D7%A8%D7%97%D7%91%D7%95%D7%AA+%D7%A2%D7%9C+%D7%94%D7%9E%D7%A1%D7%9A+%D7%94%D7%A8%D7%90%D7%A9%D7%99%26_options_sf&quot;)</favourite>
	<favourite name="[COLOR white]פודל וויזארד[/COLOR]" thumb="special://home/media/icons/wizard.png">ActivateWindow(10001,&quot;plugin://plugin.program.PoodleWizard/&quot;,return)</favourite>
	<favourite name="[COLOR white]תפריט שמירת נתונים[/COLOR]" thumb="special://home/media/icons/recentlyadded.png">ActivateWindow(10001,&quot;plugin://plugin.program.PoodleWizard/?mode=savedata&amp;sf_options=fanart%3Dspecial%3A%2F%2Fhome%2Faddons%2Fplugin.program.PoodleWizard%2Ffanart.jpg%26meta%3Dplot%253D%25255BCOLOR%252Borangered%25255DPoodle%252BWizard%25255B%25252FCOLOR%25255D%2526votes%253D0%2526label%253D%25255BCOLOR%252Bwhite%25255D%2525D7%2525AA%2525D7%2525A4%2525D7%2525A8%2525D7%252599%2525D7%252598%252B%2525D7%2525A9%2525D7%25259E%2525D7%252599%2525D7%2525A8%2525D7%2525AA%252B%2525D7%2525A0%2525D7%2525AA%2525D7%252595%2525D7%2525A0%2525D7%252599%2525D7%25259D%25255B%25252FCOLOR%25255D%2526title%253D%25255BCOLOR%252Bwhite%25255D%2525D7%2525AA%2525D7%2525A4%2525D7%2525A8%2525D7%252599%2525D7%252598%252B%2525D7%2525A9%2525D7%25259E%2525D7%252599%2525D7%2525A8%2525D7%2525AA%252B%2525D7%2525A0%2525D7%2525AA%2525D7%252595%2525D7%2525A0%2525D7%252599%2525D7%25259D%25255B%25252FCOLOR%25255D%26desc%3D%5BCOLOR+orangered%5DPoodle+Wizard%5B%2FCOLOR%5D%26_options_sf&quot;,return)</favourite>
	<favourite name="[COLOR white]ניקוי קבצים זמניים[/COLOR]" thumb="special://home/media/icons/paintbrush.png">RunPlugin(&quot;plugin://plugin.program.PoodleWizard/?mode=fullclean&quot;)</favourite>
	<favourite name="[COLOR white]תפריט בדיקת מהירות[/COLOR]" thumb="special://home/media/icons/compass.png">ActivateWindow(10001,&quot;plugin://plugin.program.PoodleWizard/?mode=speedtest&quot;,return)</favourite>
	<favourite name="[COLOR white]הגדרת קובץ מטמון אוטומטית[/COLOR]" thumb="special://home/media/icons/configure.png">RunPlugin(&quot;plugin://plugin.program.PoodleWizard/?mode=autoadvanced&quot;)</favourite>
	<favourite name="[COLOR white]הגדרות[/COLOR]" thumb="special://home/media/icons/settings.png">ActivateWindow(Settings)</favourite>
	<favourite name="[COLOR white]הגדרות מעטפת[/COLOR]" thumb="special://home/media/icons/skinsettings.png">ActivateWindow(SkinSettings)</favourite>
</favourites>
