<favourites>
	<favourite name="[COLOR gold]=== Search in Add-ons - חיפוש בהרחבות ===[/COLOR]" thumb="">Noop</favourite>
	<favourite name="([COLOR orchid]The Crew[/COLOR]) - [COLOR white]חיפוש[/COLOR]" thumb="special://home/media/images/icons2/thecrew.png">ActivateWindow(10025,&quot;plugin://plugin.video.thecrew/?action=searchNavigator&quot;,return)</favourite>
	<favourite name="([COLOR orchid]Shadow[/COLOR]) - [COLOR white]חיפוש[/COLOR]" thumb="special://home/media/images/icons2/shadow.png">ActivateWindow(10025,"plugin://plugin.video.shadow/?data=%20&dates=%20&description=Search&eng_name=%20&episode=%20&fanart=https%3a%2f%2fsearchengineland.com%2ffigz%2fwp-content%2fseloads%2f2017%2f12%2fcompare-seo-ss-1920-800x450.jpg&fav_status=false&heb_name=%20&iconimage=https%3a%2f%2fcdn2.vectorstock.com%2fi%2f1000x1000%2f24%2f01%2fseo-search-engine-optimization-logo-vector-24722401.jpg&id=%20&image_master&isr=0&last_id&mode=5&name=Search&original_title=%20&season=%20&show_original_year=%20&tmdbid=%20&url=www",return)</favourite>
	<favourite name="([COLOR orchid]Elementum[/COLOR]) - [COLOR white]חיפוש[/COLOR]" thumb="special://home/media/images/icons2/elementum.png">ActivateWindow(10025,&quot;plugin://plugin.video.elementum/search&quot;,return)</favourite>
	<favourite name="([COLOR orchid]Movix[/COLOR]) - [COLOR white]חיפוש[/COLOR]" thumb="special://home/media/images/icons2/movix.png">ActivateWindow(10025,&quot;plugin://plugin.video.movixws/?description=%d7%97%d7%99%d7%a4%d7%95%d7%a9&amp;fanart=C%3a%5cUsers%5cAdmin%5cAppData%5cRoaming%5cKodi%5caddons%5cplugin.video.movixws%5cresources%5clogo%2fsearch.png&amp;iconimage=C%3a%5cUsers%5cAdmin%5cAppData%5cRoaming%5cKodi%5caddons%5cplugin.video.movixws%5cresources%5clogo%2fsearch.png&amp;mode=5&amp;name=%5bCOLOR%20aqua%5d%5bI%5d%d7%97%d7%99%d7%a4%d7%95%d7%a9%5b%2fI%5d%5b%2fCOLOR%5d&amp;url=www&quot;,return)</favourite>
	<favourite name="([COLOR orchid]Victory 2.0[/COLOR]) - [COLOR white]חיפוש[/COLOR]" thumb="special://home/media/images/icons2/victory.png">ActivateWindow(10025,&quot;plugin://plugin.video.allmoviesin/?data=%20&amp;dates=%20&amp;description=%d7%97%d7%99%d7%a4%d7%95%d7%a9&amp;eng_name=%20&amp;episode=%20&amp;fanart=https%3a%2f%2fgeek-prime.com%2fwp-content%2fuploads%2f2014%2f02%2fVictory-2-4k-hd-wallpaper-invasion-ghaul.jpg&amp;fav_status=false&amp;heb_name=%20&amp;iconimage=C%3a%5cUsers%5cAdmin%5cAppData%5cRoaming%5cKodi%5caddons%5cplugin.video.allmoviesin%5cresources%5clogos%2fse.png&amp;id=%20&amp;isr=0&amp;mode=15&amp;name=%d7%97%d7%99%d7%a4%d7%95%d7%a9&amp;original_title=%20&amp;season=%20&amp;show_original_year=%20&amp;tmdbid=%20&amp;url=www&quot;,return)</favourite>
	<favourite name="([COLOR orchid]YouTube[/COLOR]) - [COLOR white]חיפוש[/COLOR]" thumb="special://home/media/images/icons2/youtube.png">ActivateWindow(10025,"plugin://plugin.video.youtube/kodion/search/list/",return)</favourite>
</favourites>
