<favourites>
	<favourite name="[COLOR gold]=== Add-ons - הרחבות ===[/COLOR]" thumb="">Noop</favourite>
	<favourite name="1- [COLOR white]מנהל קבצים[/COLOR]" thumb="special://home/media/images/icons1/files.png">ActivateWindow(FileManager)</favourite>
	<favourite name="2- [COLOR white]סייר הרחבות[/COLOR]" thumb="special://home/media/images/icons1/addon.png">ActivateWindow(AddonBrowser)</favourite>
	<favourite name="3- [COLOR white]הרחבות וידאו[/COLOR]" thumb="special://home/media/images/icons1/video-addons.png">ActivateWindow(Videos,Addons,return)</favourite>
	<favourite name="4- [COLOR white]הרחבות מוזיקה[/COLOR]" thumb="special://home/media/images/icons1/songs.png">ActivateWindow(Music,Addons,return)</favourite>
	<favourite name="5- [COLOR white]הרחבות תוכנות[/COLOR]" thumb="special://home/media/images/icons1/configure.png">ActivateWindow(Programs,Addons,return)</favourite>
	<favourite name="6- [COLOR white]עידכון הרחבות[/COLOR]" thumb="special://home/media/images/icons1/update.png">RunPlugin(&quot;plugin://plugin.program.PoodleWizard/?mode=forceupdate&quot;)</favourite>
	<favourite name="7- [COLOR white]ביצוע אימות (pair) ל-Trakt ולריל דבריד[/COLOR]" thumb="special://home/media/images/icons1/network.png">RunScript(&quot;script.Poodle.pairwith/?sf_options=fanart%3Dspecial%3A%2F%2Fhome%2Faddons%2Fscript.Poodle.pairwith%2Ffanart.jpg%26meta%3Dlabel%253DPoodle%252BPair%252BWith%26desc%3DPoodle+Menu+System%26_options_sf&quot;)</favourite>
	<favourite name="8- [COLOR white]ניצפה לאחרונה[/COLOR]" thumb="special://home/media/images/icons2/last_played.png">ActivateWindow(10025,&quot;plugin://plugin.video.last_played/?sf_options=fanart%3Dspecial%3A%2F%2Fhome%2Faddons%2Fplugin.video.last_played%2Ffanart.jpg%26meta%3Dlabel%253DLast%252BPlayed%26desc%3DList+of+the+last+movies%2C+episodes+and+music+played%2C+including+streaming+sources+from+any+addon%26_options_sf&quot;,return)</favourite>
</favourites>
