<favourites>
	<favourite name="[COLOR gold]=== טלוויזיה ===[/COLOR]" thumb="">Noop</favourite>
	<favourite name="מדריך שידורים לטלוויזיה הישראלית" thumb="special://home/media/images/icons2/hebivueguide.png">RunScript(&quot;script.hebivueguide/?sf_options=fanart%3Dspecial%3A%2F%2Fhome%2Faddons%2Fscript.hebivueguide%2Ffanart.jpg%26meta%3Dlabel%253DIvue%252BTV%252BGuide%26desc%3DFinal+Release+of+Ivue+Guide%2C+simple+free+and+effective%2C+We+hope+you+like+it+now+with+category+intergration+%23teamiVue%2C+Huge+thanks+to+all+coders+out+there+for+getting+involved.%26_options_sf&quot;)</favourite>
	<favourite name="([COLOR orchid]עידן+ פלוס[/COLOR]) [COLOR white]טלוויזיה ומוזיקה מישראל[/COLOR]" thumb="special://home/media/images/icons2/idanplus.png">ActivateWindow(10025,&quot;plugin://plugin.video.idanplus/?sf_options=fanart%3Dspecial%3A%2F%2Fhome%2Faddons%2Fplugin.video.idanplus%2Ffanart.jpg%26meta%3Dlabel%253D%2525D7%2525A2%2525D7%252599%2525D7%252593%2525D7%25259F%25252B%252B%2525D7%2525A4%2525D7%25259C%2525D7%252595%2525D7%2525A1%26desc%3D%D7%A6%D7%A4%D7%99%D7%94+%D7%91%D7%A2%D7%A8%D7%95%D7%A6%D7%99+%D7%A2%D7%99%D7%93%D7%9F+%D7%A4%D7%9C%D7%95%D7%A1+%D7%95%D7%91%D7%AA%D7%9B%D7%A0%D7%99%D7%95%D7%AA+%D7%9E%D7%94%D7%90%D7%AA%D7%A8%D7%99%D7%9D+%D7%94%D7%A8%D7%A9%D7%9E%D7%99%D7%99%D7%9D.%5BCR%5D%D7%90%D7%A4%D7%A9%D7%A8%D7%95%D7%99%D7%95%D7%AA+%D7%A9%D7%95%D7%A0%D7%95%D7%AA+%D7%91%D7%94%D7%92%D7%93%D7%A8%D7%95%D7%AA+%D7%94%D7%94%D7%A8%D7%97%D7%91%D7%94+%D7%95%D7%91%D7%A7%D7%9C%D7%99%D7%A7+%D7%99%D7%9E%D7%A0%D7%99+%D7%A2%D7%9C+%D7%A4%D7%A8%D7%99%D7%98+%D7%91%D7%A8%D7%A9%D7%99%D7%9E%D7%94.%26_options_sf&quot;,return)</favourite>
	<favourite name="([COLOR fuchsia]TempTV[/COLOR]) [COLOR white]טלוויזיה מהעולם[/COLOR]" thumb="special://home/media/images/icons2/temptv.png">ActivateWindow(10025,&quot;plugin://plugin.video.temptv/?sf_options=fanart%3Dspecial%3A%2F%2Fhome%2Faddons%2Fplugin.video.temptv%2Ffanart.jpg%26meta%3Dlabel%253D%25255BCOLOR%252Bfuchsia%25255DTempTV%25255B%25252FCOLOR%25255D%26desc%3DBeta.+Simple+Free+Light+IPTV+and+1+Click+Movies.%26_options_sf&quot;,return)</favourite>
	<favourite name="([COLOR orchid]The Crew IPTV[/COLOR]) [COLOR white]טלוויזיה מהעולם[/COLOR]" thumb="special://home/media/images/icons2/thecrew_purplehat.png">ActivateWindow(10025,&quot;plugin://plugin.video.thecrew/?action=whitehat&amp;sf_options=fanart%3Dspecial%3A%2F%2Fhome%2Faddons%2Fscript.thecrew.artwork%2Fresources%2Fmedia%2Fthecrew%2Ffanart.jpg%26meta%3Dlabel%253D%25255BCOLOR%252Borchid%25255D%2525C2%2525A4%25255B%25252FCOLOR%25255D%252B%25255BB%25255D%25255BCOLOR%252Bwhite%25255D%25255B%25252FCOLOR%25255D%25255BCOLOR%252Borchid%25255D%25255B%25252FCOLOR%25255D%25255BCOLOR%252Bwhite%25255DIPTV%25255B%25252FCOLOR%25255D%25255B%25252FB%25255D%26_options_sf&quot;,return)</favourite>
	<favourite name="[COLOR white]מדריך לוח שידורים[/COLOR]" thumb="special://home/media/images/icons2/hebivueguide.png">RunAddon(script.hebivueguide)</favourite>
</favourites>
