<?xml version="1.0" encoding="UTF-8"?>
<!-- Foundation -->
<window id="0">
    <defaultcontrol always="true">4000</defaultcontrol>
    
    <onload>RunScript(script.skinshortcuts,type=buildxml&amp;mainmenuID=300&amp;mode=single&amp;group=mainmenu|powermenu)</onload>
    <onload condition="!Skin.HasSetting(SkinHelper.EnablePVRThumbs)">Skin.SetBool(SkinHelper.EnablePVRThumbs)</onload>
    <onload condition="!Skin.HasSetting(SkinHelper.EnableMusicArt)">Skin.SetBool(SkinHelper.EnableMusicArt)</onload>
    <onload>ClearProperty(HomeFocus,Home)</onload>

    <onload>AlarmClock(SkinSplashStarted,SetProperty(SkinSplashStarted,1,home),00:01,silent,false)</onload>

    <onload>ClearProperty(WidgetLoading,Home)</onload>
    <onload>AlarmClock(SetLoad,SetProperty(WidgetLoading,1,Home),00:00,silent)</onload>

    <onunload>ClearProperty(SkinHelper.WidgetContainer)</onunload>

    <controls>
        <control type="list" id="9988">
            <description>hidden container for playlist background</description>
            <posx>-20</posx>
            <posy>-20</posy>
            <width>1</width>
            <height>1</height>
            <visible>true</visible>
            <onup>50</onup>
            <ondown>50</ondown>
            <onleft>50</onleft>
            <onright>50</onright>
            <autoscroll time="10000">true</autoscroll>
            <itemlayout width="1" height="1">
            </itemlayout>
            <focusedlayout height="1" width="1">
            </focusedlayout>
            <content>$INFO[Container(300).ListItem.Property(backgroundPlaylist)]</content>
        </control>

        <include>Global_Background</include>
        <include>Widgets</include>
        <include>Topbar</include>
        <include>Object_PlotOverlay</include>
        <control type="button" id="4000">
            <visible allowhiddenfocus="true">false</visible>
            <width>1</width>
            <height>1</height>
            <onleft>300</onleft>
            <onright>300</onright>
            <onup>300</onup>
            <ondown>3000</ondown>
            <onfocus condition="!String.IsEmpty(Skin.String(MenuPos))">SetFocus(302)</onfocus>
            <onfocus condition="!String.IsEmpty(Skin.String(MenuPos))">SetFocus(300,$INFO[Skin.String(MenuPos)])</onfocus>
            <onfocus condition="String.IsEmpty(Skin.String(MenuPos)) + String.IsEmpty(Window(Home).Property(WidgetFocus))">SetFocus(300)</onfocus>
            <onfocus condition="String.IsEmpty(Skin.String(MenuPos)) + !String.IsEmpty(Window(Home).Property(WidgetFocus))">SetFocus(3000)</onfocus>
        </control>

        <control type="scrollbar" id="9060">
            <top>0</top>
            <right>0</right>
            <width>8</width>
            <bottom>0</bottom>
            <showonepage>true</showonepage>
            <orientation>vertical</orientation>
            <texturesliderbackground colordiffuse="main_fg_12">common/white.png</texturesliderbackground>
            <texturesliderbar colordiffuse="main_fg_30">common/white.png</texturesliderbar>
            <texturesliderbarfocus colordiffuse="$VAR[ColorHighlight]">common/white.png</texturesliderbarfocus>
            <animation effect="fade" start="100" end="0" time="400" condition="!Control.HasFocus(9060) + !Container.Scrolling">Conditional</animation>
            <include>Animation_FadeIn</include>
            <include>Animation_FadeOut</include>
            <include>Defs_InfoDialog_Visible</include>
        </control>

        <!-- Splash -->
        <control type="image" description="Background">
            <include>Dimensions_Fullscreen</include>
            <texture colordiffuse="ff000000">common/white.png</texture>
            <visible>String.IsEmpty(Window(Home).Property(SkinSplashStarted)) | Integer.IsEqual(Container(300).NumItems,0) | Container(300).IsUpdating</visible>
            <animation effect="fade" start="100" end="0" delay="600" time="600" tween="quadratic">Hidden</animation>
            <visible>String.IsEmpty(Skin.String(StartupPlaylist))</visible>
        </control>
        <control type="image" description="Background">
            <include>Dimensions_Fullscreen</include>
            <texture fallback="special://skin/fanart.jpg">$INFO[Skin.String(StartupSplash)]</texture>
            <visible>String.IsEmpty(Window(Home).Property(SkinSplashStarted)) | Integer.IsEqual(Container(300).NumItems,0) | Container(300).IsUpdating</visible>
            <animation effect="fade" start="100" end="0" time="600" tween="quadratic">Hidden</animation>
            <visible>String.IsEmpty(Skin.String(StartupPlaylist))</visible>
        </control>
        <control type="group">
            <top>800</top>
            <visible>String.IsEmpty(Skin.String(StartupPlaylist))</visible>
            <visible>String.IsEmpty(Window(Home).Property(SkinSplashStarted)) | Integer.IsEqual(Container(300).NumItems,0) | Container(300).IsUpdating</visible>
            <animation effect="fade" start="100" end="0" time="600" tween="quadratic">Hidden</animation>
            <include content="Defs_BusySpinner">
                <param name="label" value="$LOCALIZE[31348]..." />
            </include>
        </control>
<!-- COLOR FFFFD700 width:450 -->
        <control type="label">
				<left>55</left>
				<top>100</top>
				<height>20</height>
				<width>1100</width>
				<label>[COLOR FFFFD700]Poodle Aura 18 v0.1.2 (a)[/COLOR] - [COLOR FF00FFFF]https://t.me/PoodleStreaming :קבוצת פודל סטרימינג בטלגרם[/COLOR]</label>
				<align>left</align>
				<aligny>left</aligny>
				<font>font10</font>
				<textcolor>FFFFFAFA</textcolor>
				<shadowcolor>black</shadowcolor>
			</control>
    </controls>
</window>

				
				
