<favourites>
	<favourite name="[COLOR gold]=== Movies &amp; TV Shows - סרטים וסדרות ===[/COLOR]" thumb="">Noop</favourite>
	<favourite name="[COLOR lime]=== כדי לא להכביד על המערכת מומלץ להתקין רק את ההרחבות שבהן משתמשים ! ===[/COLOR]" thumb="">Noop</favourite>
	<favourite name="([COLOR orchid]Elementum[/COLOR]) [COLOR white]אלמנטום[/COLOR]" thumb="special://home/media/images/icons2/elementum.png">ActivateWindow(10025,&quot;plugin://plugin.video.elementum/?sf_options=fanart%3Dspecial%3A%2F%2Fhome%2Faddons%2Fplugin.video.elementum%2Ffanart.png%26meta%3Dlabel%253DElementum%26desc%3DElementum+is+a+torrent+finding+and+streaming+engine.+It+doesn%27t+go+on+torrent+websites+for+legal+reasons.+However%2C+it+calls+specially+crafted+add-ons+%28called+providers%29+that+are+installed+separately.%5BCR%5DThis+project+is+a+fork+of+the+well+known%2C+but+no+longer+maintained+Pulsar%2FQuasar+projects+from+steeve+and+scakemyer.%26_options_sf&quot;,return)</favourite>
	<favourite name="([COLOR orchid]The Crew[/COLOR]) [COLOR white]דה קרו[/COLOR]" thumb="special://home/media/images/icons2/thecrew.png">ActivateWindow(10025,&quot;plugin://plugin.video.thecrew/?sf_options=fanart%3Dspecial%3A%2F%2Fhome%2Faddons%2Fplugin.video.thecrew%2Ffanart.jpg%26meta%3Dlabel%253D%25255BCOLOR%252Borchid%25255DTHE%252BCREW%25255B%25252FCOLOR%25255D%26desc%3DMany+come%2C+Many+go.+The+true+and+dedicated+are+here.%26_options_sf&quot;,return)</favourite>
	<favourite name="[COLOR white]לריל דבריד[/COLOR] ([COLOR orchid]Shadow[/COLOR]) [COLOR white]שדאו[/COLOR]" thumb="special://home/media/images/icons2/shadow.png">ActivateWindow(10025,&quot;plugin://plugin.video.shadow/?sf_options=fanart%3Dspecial%3A%2F%2Fhome%2Faddons%2Fplugin.video.shadow%2Ffanart.jpg%26meta%3Dlabel%253DShadow%26desc%3DAll+the+media+as+fast+as+possiable%26_options_sf&quot;,return)</favourite>
	<favourite name="[COLOR white]לריל דבריד[/COLOR] ([COLOR orchid]Seren[/COLOR]) [COLOR white]סרן[/COLOR]" thumb="special://home/media/images/icons2/seren.png">ActivateWindow(10025,&quot;plugin://plugin.video.seren/?sf_options=fanart%3Dspecial%3A%2F%2Fhome%2Faddons%2Fplugin.video.seren%2Ffanart-fox-gold-final.png%26meta%3Dlabel%253DSeren%26desc%3DSeren+is+a+modular+provider+based%2C+cloud+service+streaming+software+that+is+tightly+interwoven+with+Trakt.+Seren+provides+the+freedom+to+view+media+from+a+single+menu+system+from+service+providers+of+the+users+choosing.+Please+Note%3A+This+addon+requires+the+use+of+a+compatible+cloud+service.%26_options_sf&quot;,return)</favourite>
	<favourite name="([COLOR orchid]Telemedia 2.0[/COLOR]) [COLOR white]טלמדיה[/COLOR]" thumb="special://home/media/images/icons2/telemedia.png">ActivateWindow(10025,&quot;plugin://plugin.video.telemedia/?sf_options=fanart%3Dspecial%3A%2F%2Fhome%2Faddons%2Fplugin.video.telemedia%2Ffanart.jpg%26meta%3Dlabel%253DTelemedia%252B2.0%26desc%3DTelegram+media+for+kodi%26_options_sf&quot;,return)</favourite>
	<favourite name="([COLOR orchid]Movix Live[/COLOR]) [COLOR white]מוביקס לייב[/COLOR]" thumb="special://home/media/images/icons2/movix.png">ActivateWindow(10025,&quot;plugin://plugin.video.movixws/?sf_options=fanart%3Dspecial%3A%2F%2Fhome%2Faddons%2Fplugin.video.movixws%2Ffanart.jpg%26meta%3Dlabel%253DMovix%252BLive%26desc%3DMovix+Live%26_options_sf&quot;,return)</favourite>
	<favourite name="([COLOR orchid]Sdarot.Tv[/COLOR]) [COLOR white]סדרות טיוי[/COLOR]" thumb="special://home/media/images/icons2/sdarot_tv.png">ActivateWindow(10025,&quot;plugin://plugin.video.sdarot.tv/?sf_options=fanart%3Dspecial%3A%2F%2Fhome%2Faddons%2Fplugin.video.sdarot.tv%2Ffanart.jpg%26meta%3Dlabel%253DSdarot.Tv%26desc%3D%D7%A1%D7%93%D7%A8%D7%95%D7%AA+%D7%94%D7%99%D7%A0%D7%95+%D7%90%D7%AA%D7%A8+%D7%94%D7%A2%D7%95%D7%A1%D7%A7+%D7%91%D7%A6%D7%A4%D7%99%D7%99%D7%94+%D7%99%D7%A9%D7%99%D7%A8%D7%94+%D7%A9%D7%9C+%D7%A1%D7%93%D7%A8%D7%95%D7%AA+%D7%A9%D7%95%D7%A0%D7%95%D7%AA+%D7%9E%D7%94%D7%90%D7%A8%D7%A5+%D7%95%D7%9E%D7%97%D7%95%22%D7%9C.+%D7%9B%D7%9C+%D7%94%D7%A1%D7%93%D7%A8%D7%95%D7%AA+%D7%9E%D7%97%22%D7%95%D7%9C+%D7%94%D7%A0%D7%9E%D7%A6%D7%90%D7%95%D7%AA+%D7%91%D7%90%D7%AA%D7%A8+%D7%A1%D7%93%D7%A8%D7%95%D7%AA+%D7%9E%D7%9B%D7%99%D7%9C%D7%95%D7%AA+%D7%AA%D7%A8%D7%92%D7%95%D7%9D+%D7%9C%D7%A2%D7%91%D7%A8%D7%99%D7%AA%2C+%D7%92%D7%9D+%D7%91%D7%A1%D7%93%D7%A8%D7%95%D7%AA+%D7%94%D7%99%D7%A9%D7%A8%D7%90%D7%9C%D7%99%D7%95%D7%AA+%D7%99%D7%A9+%D7%AA%D7%A8%D7%92%D7%95%D7%9D+%D7%9C%D7%A2%D7%AA%D7%99%D7%9D.+%D7%90%D7%AA%D7%A8+%D7%A1%D7%93%D7%A8%D7%95%D7%AA+%D7%9E%D7%90%D7%A4%D7%A9%D7%A8+%D7%A6%D7%A4%D7%99%D7%99%D7%94+%D7%99%D7%A9%D7%99%D7%A8%D7%94+%D7%97%D7%99%D7%A0%D7%9D+%D7%9C%D7%90%D7%9C%D7%A4%D7%99+%D7%A1%D7%93%D7%A8%D7%95%D7%AA+%D7%A9%D7%95%D7%A0%D7%95%D7%AA+%D7%95%D7%A2%D7%A9%D7%A8%D7%95%D7%AA+%D7%90%D7%9C%D7%A4%D7%99+%D7%A4%D7%A8%D7%A7%D7%99%D7%9D+%D7%A9%D7%95%D7%A0%D7%99%D7%9D+%D7%91%D7%97%D7%99%D7%A0%D7%9D%21+%D7%90%D7%AA%D7%A8+%D7%A1%D7%93%D7%A8%D7%95%D7%AA+%D7%9E%D7%AA%D7%A2%D7%93%D7%9B%D7%9F+%D7%A2%D7%9C+%D7%91%D7%A1%D7%99%D7%A1+%D7%99%D7%95%D7%9E%D7%99+%D7%95%D7%9E%D7%90%D7%A4%D7%A9%D7%A8+%D7%A6%D7%A4%D7%99%D7%99%D7%94+%D7%99%D7%A9%D7%99%D7%A8%D7%94+%D7%91%D7%98%D7%9B%D7%A0%D7%95%D7%9C%D7%95%D7%92%D7%99%D7%95%D7%AA+%D7%97%D7%93%D7%A9%D7%A0%D7%99%D7%95%D7%AA+%D7%AA%D7%95%D7%9A+%D7%94%D7%A7%D7%A4%D7%93%D7%94+%D7%A2%D7%9C+%D7%90%D7%99%D7%9B%D7%95%D7%AA+%D7%9E%D7%A7%D7%A1%D7%99%D7%9E%D7%9C%D7%99%D7%AA+%D7%9C%D7%9C%D7%90+%D7%A4%D7%A9%D7%A8%D7%95%D7%AA.%26_options_sf&quot;,return)</favourite>
	<favourite name="([COLOR orchid]Fen[/COLOR]) [COLOR white]פאן[/COLOR]" thumb="special://home/media/images/icons2/fen.png">ActivateWindow(10025,&quot;plugin://plugin.video.fen/?content_type=video&amp;sf_options=fanart%3Dspecial%3A%2F%2Fhome%2Faddons%2Fplugin.video.fen%2Ffanart.png%26meta%3Dlabel%253DFen%26desc%3DSpecializes+in+Furk+and+Easynews%28web%29+account+access.%0AAlso+utilizes+Openscrapers+for+those+without+a+Furk+or+Easynews%28web%29+account.%0APlease+Note%3A+This+add-on+is+NOT+an+Exodus+fork%2C+and+as+such+will+behave+differently+to+an+Exodus+fork.%26_options_sf&quot;,return)</favourite>
	<favourite name="([COLOR orchid]Destiny of Deathstar[/COLOR]) [COLOR white]דסטני אוף דאתסטאר[/COLOR]" thumb="special://home/media/images/icons2/destiny_of_deathstar.png">ActivateWindow(10025,&quot;plugin://plugin.video.destinyds/?sf_options=fanart%3Dspecial%3A%2F%2Fhome%2Faddons%2Fplugin.video.destinyds%2Ffanart.jpg%26meta%3Dlabel%253DDestiny%252Bof%252BDeathstar%26desc%3DDestiny+and+Deathstar+have+been+united.+Tweaked+Version+by+DaB.%26_options_sf&quot;,return)</favourite>
	<favourite name="([COLOR orchid]Victory 2.0[/COLOR]) [COLOR white]ויקטורי 2.0[/COLOR]" thumb="special://home/media/images/icons2/victory.png">ActivateWindow(10025,&quot;plugin://plugin.video.allmoviesin/?sf_options=fanart%3Dspecial%3A%2F%2Fhome%2Faddons%2Fplugin.video.allmoviesin%2Ffanart.jpg%26meta%3Dlabel%253D%2525D7%252595%2525D7%252599%2525D7%2525A7%2525D7%252598%2525D7%252595%2525D7%2525A8%2525D7%252599%252B2.0%26desc%3DVictory+%3A-%29+2.0%26_options_sf&quot;,return)</favourite>
	<favourite name="([COLOR orchid]YouTube[/COLOR]) [COLOR white]יוטיוב[/COLOR]" thumb="special://home/media/images/icons2/youtube.png">ActivateWindow(10025,&quot;plugin://plugin.video.youtube/?sf_options=fanart%3Dspecial%3A%2F%2Fhome%2Faddons%2Fplugin.video.youtube%2Ffanart.jpg%26meta%3Dlabel%253DYouTube%26desc%3DYouTube+%D7%94%D7%95%D7%90+%D7%90%D7%97%D7%93+%D7%9E%D7%90%D7%AA%D7%A8%D7%99+%D7%A9%D7%99%D7%AA%D7%95%D7%A3+%D7%94%D7%95%D7%95%D7%99%D7%93%D7%90%D7%95+%D7%94%D7%92%D7%93%D7%95%D7%9C%D7%99%D7%9D+%D7%91%D7%A2%D7%95%D7%9C%D7%9D.%26_options_sf&quot;,return)</favourite>
	<favourite name="[COLOR white]דרך יוטיוב (המקורי) [/COLOR] ([COLOR aqua]Serviceil[/COLOR]) [COLOR white]סרוויס אי-אל[/COLOR]" thumb="special://home/media/images/icons2/serviceil.png">ActivateWindow(10025,&quot;plugin://plugin.video.Serviceil/?mode=987652002122&amp;name=%5bCOLOR%20aqua%5d%d7%94%d7%9b%d7%95%d7%9c%20%d7%93%d7%a8%d7%9a%20%d7%99%d7%95%d7%98%d7%99%d7%95%d7%91%20(%d7%94%d7%9e%d7%a7%d7%95%d7%a8%d7%99)%20%5b%2fCOLOR%5d&amp;url=url&amp;sf_options=fanart%3Dspecial%3A%2F%2Fhome%2Faddons%2Fplugin.video.Serviceil%2Ffanart.jpg%26meta%3Dlabel%253D%25255BCOLOR%252Baqua%25255D%2525D7%252594%2525D7%25259B%2525D7%252595%2525D7%25259C%252B%2525D7%252593%2525D7%2525A8%2525D7%25259A%252B%2525D7%252599%2525D7%252595%2525D7%252598%2525D7%252599%2525D7%252595%2525D7%252591%252B%252528%2525D7%252594%2525D7%25259E%2525D7%2525A7%2525D7%252595%2525D7%2525A8%2525D7%252599%252529%252B%25255B%25252FCOLOR%25255D%26_options_sf&quot;,return)</favourite>
	<favourite name="[COLOR white]דרך MyYoutube [/COLOR] ([COLOR aqua]Serviceil[/COLOR]) [COLOR white]סרוויס אי-אל[/COLOR]" thumb="special://home/media/images/icons2/serviceil.png">ActivateWindow(10025,&quot;plugin://plugin.video.Serviceil/?sf_options=fanart%3Dspecial%3A%2F%2Fhome%2Faddons%2Fplugin.video.Serviceil%2Ffanart.jpg%26meta%3Dlabel%253D%25255BCOLOR%252Baqua%25255D.Serviceil%252B%25255B%25252FCOLOR%25255D%26desc%3D%D7%94%D7%A8%D7%97%D7%91%D7%94+%D7%9E%D7%A9%D7%9E%D7%A9%D7%AA+%D7%9C%D7%A7%D7%99%D7%A6%D7%95%D7%A8%D7%99%D7%9D+%D7%9C%D7%94%D7%A8%D7%97%D7%91%D7%95%D7%AA+%D7%99%D7%A9%D7%A8%D7%90%D7%9C%D7%99%D7%95%D7%AA.%D7%95%D7%91%D7%A0%D7%95%D7%A1%D7%A3+%D7%A0%D7%95%D7%AA%D7%A0%D7%AA+%D7%AA%D7%95%D7%9B%D7%9F+%D7%94%D7%9E%D7%95%D7%96%D7%A8%D7%9D+%D7%93%D7%A8%D7%9A+%D7%94%D7%A8%D7%97%D7%91%D7%95%D7%AA+%D7%99%D7%95%D7%98%D7%99%D7%95%D7%91%26_options_sf&quot;,return)</favourite>
</favourites>
