<sources>
    <programs>
        <default pathversion="1"></default>
    </programs>
    <video>
        <default pathversion="1"></default>
    </video>
    <music>
        <default pathversion="1"></default>
    </music>
    <pictures>
        <default pathversion="1"></default>
    </pictures>
    <files>
        <default pathversion="1"></default>
        <!-- Kodi 18.x Liea - Update 01/03/2021 -->
        <source>
            <name>.01 Kodi Home Folder</name>
            <path pathversion="1">special://home/</path>
            <allowsharing>true</allowsharing>
        </source>
        <source>
            <name>.02 Poodle Files</name>
            <path pathversion="1">https://kpoodle.github.io/files/</path>
            <allowsharing>true</allowsharing>
        </source>
        <!-- A -->
        <source>
            <name>.Aenemapy (EZ Manitnance+)</name>
            <path pathversion="1">https://aenemapy.github.io/repo/</path>
            <allowsharing>true</allowsharing>
        </source>
        <!-- B -->
        <!-- <source>
        <source>
            <name>.Bugatsinho Repo (Sport365)</name>
            <path pathversion="1">https://bugatsinho.github.io/repo/</path>
            <allowsharing>true</allowsharing>
        </source> -->
        <!-- C -->
        <!-- <source>
            <name>.CellarDoorTV Repo (Numbers)</name>
            <path pathversion="1">http://cellardoortv.com/repo/</path>
            <allowsharing>true</allowsharing>
        </source> -->
        <!-- <source>
            <name>.Coldkeys Repo (Kids Tube)</name>
            <path pathversion="1">https://archive.org/download/ColdkeysRepo/</path>
            <allowsharing>true</allowsharing>
        </source> -->
        <!-- D -->
        <source>
            <name>.Dejavu Repo</name>
            <path pathversion="1">https://dejavurepo.github.io/</path>
            <allowsharing>true</allowsharing>
        </source>
        <!-- E -->
        <source>
            <name>.Exodus Redux Repo</name>
            <path pathversion="1">https://i-a-c.github.io/</path>
            <allowsharing>true</allowsharing>
        </source>
        <!-- <source>
            <name>.EzzerMacs Wizard Repo</name>
            <path pathversion="1">http://ezzer-mac.com/repo/</path>
            <allowsharing>true</allowsharing>
        </source> -->
        <!-- F -->
        <!-- <source>
            <name>.FalconRepo (Cryptonite)</name>
            <path pathversion="1">http://teamfalcon.exposed/repository/</path>
            <allowsharing>true</allowsharing>
        </source> -->
        <!-- <source>
            <name>.Fishenzon Repo (Idan+ Plus)</name>
            <path pathversion="1">https://fishenzon.github.io/</path>
            <allowsharing>true</allowsharing>
        </source> -->
        <!-- G -->
        <source>
            <name>.Gaia Repository</name>
            <path pathversion="1">http://repo.gaiakodi.com/</path>
            <allowsharing>true</allowsharing>
        </source>
        <!-- <source>
            <name>.GoldenGun (Resistance)</name>
            <path pathversion="1">https://goldengunrepo.github.io/install/me/</path>
            <allowsharing>true</allowsharing>
        </source> -->
        <!-- H -->
        <source>
            <name>.Host505 (TheOath)</name>
            <path pathversion="1">https://host505.github.io/</path>
            <allowsharing>true</allowsharing>
        </source>
        <!-- I -->
        <!-- J -->
        <source>
            <name>.JewRepo (Music Choice)</name>
            <path pathversion="1">https://jewbmx.github.io/</path>
            <allowsharing>true</allowsharing>
        </source>
        <!-- K -->
        <!-- <source>
            <name>.KodiMaster (Maintenance)</name>
            <path pathversion="1">https://kodimaster.com/repo/</path>
            <allowsharing>true</allowsharing>
        </source> -->
        <!-- L -->
        <!-- M -->
        <source>
            <name>.Magnetic Repo (Nole Cinema)</name>
            <path pathversion="1">http://magnetic.website/repo/</path>
            <allowsharing>true</allowsharing>
        </source>
        <!-- <source>
            <name>.Mbebe Repo (Sportowa TV)</name>
            <path pathversion="1">https://mbebe.github.io/blomqvist/</path>
            <allowsharing>true</allowsharing>
        </source> -->
        <!-- N -->
        <!-- <source>
            <name>.Nixgates Repo (Seren)</name>
            <path pathversion="1">https://nixgates.github.io/packages/</path>
            <allowsharing>true</allowsharing>
        </source> -->
        <!-- O -->
        <!-- P -->
        <!-- Q -->
        <!-- R -->
        <!-- <source>
            <name>.Rising Tides Repo</name>
            <path pathversion="1">http://mullafabz.xyz/Repository/</path>
            <allowsharing>true</allowsharing>
        </source> -->
        <!-- S -->
        <!-- <source>
            <name>.Sdarot.Tv Repo</name>
            <path pathversion="1">https://sdarot.github.io/</path>
            <allowsharing>true</allowsharing>
        </source> -->
        <!-- T -->
        <!-- <source>
            <name>.T2K Repository (IT)</name>
            <path pathversion="1">https://www.t2k-cloud.co.uk/Repo/</path>
            <allowsharing>true</allowsharing>
        </source> -->
        <!-- <source>
            <name>.TempTV &amp; Tempest</name>
            <path pathversion="1">https://tempest0580.github.io/</path>
            <allowsharing>true</allowsharing>
        </source> -->
        <!-- <source>
            <name>.The Crew Repo</name>
            <path pathversion="1">https://team-crew.github.io/</path>
            <allowsharing>true</allowsharing>
        </source> -->
        <source>
            <name>.Tikipeter&apos;s (Fen)</name>
            <path pathversion="1">https://tikipeter.github.io/</path>
            <allowsharing>true</allowsharing>
        </source>
        <source>
            <name>.TVaddons.co Add-on Repository</name>
            <path pathversion="1">http://fusion.tvaddons.co/</path>
            <allowsharing>true</allowsharing>
        </source>
        <!-- U -->
        <!-- V -->
        <source>
            <name>.Venom Repo</name>
            <path pathversion="1">http://123venom.github.io/</path>
            <allowsharing>true</allowsharing>
        </source>
        <!-- W -->
        <!-- X -->
        <!-- Y -->
        <!-- Z -->
    </files>
    <games>
        <default pathversion="1"></default>
    </games>
</sources>
