<?xml version='1.0' encoding='UTF-8'?>
<!-- x רכזת תחזוקה x -->
<shortcuts>
	<shortcut>
		<defaultID>plugin.program.PoodleWizard</defaultID>
		<label>[COLOR white](b)1[/COLOR] [COLOR white]עדכון מהיר מספר[/COLOR]</label>
		<label2>פריטים מותאמים אישית</label2>
		<icon>DefaultShortcut.png</icon>
		<thumb>special://skin/extras/icons/warning.png</thumb>
		<action>ActivateWindow(Programs,"plugin://plugin.program.PoodleWizard",return)</action>
	</shortcut>
	<shortcut>
		<defaultID>plugin.program.PoodleWizard</defaultID>
		<label>פודל וויזארד</label>
		<label2>פריטים מותאמים אישית</label2>
		<icon>DefaultShortcut.png</icon>
		<thumb>special://skin/extras/icons/wizard.png</thumb>
		<action>ActivateWindow(Programs,"plugin://plugin.program.PoodleWizard",return)</action>
	</shortcut>
	<shortcut>
		<defaultID />
		<label>שמירת נתונים</label>
		<label2>תוכנה</label2>
		<icon>DefaultShortcut.png</icon>
		<thumb>special://skin/extras/icons/recentlyadded.png</thumb>
		<action>ActivateWindow(Programs,"plugin://plugin.program.PoodleWizard/?mode=savedata",return)</action>
	</shortcut>
	<shortcut>
		<defaultID>plugin.program.pulsecleaner</defaultID>
		<label>ניקוי קבצים זמניים</label>
		<label2>פריטים מותאמים אישית</label2>
		<icon>DefaultShortcut.png</icon>
		<thumb>special://skin/extras/icons/paintbrush.png</thumb>
		<action>RunPlugin("plugin://plugin.program.PoodleWizard/?mode=fullclean")</action>
	</shortcut>
	<shortcut>
		<defaultID />
		<label>בדיקת מהירות</label>
		<label2>פריטים מותאמים אישית</label2>
		<icon>DefaultShortcut.png</icon>
		<thumb>special://skin/extras/icons/compass.png</thumb>
		<action>ActivateWindow(Programs,"plugin://plugin.program.PoodleWizard/?mode=speedtest",return)</action>
	</shortcut>
	<shortcut>
		<defaultID>colorgold-quickconfigureadvancedsettings-xml-color</defaultID>
		<label>הגדרת קובץ מטמון אוטו'</label>
		<label2>פריטים מותאמים אישית</label2>
		<icon>special://skin/extras/icons/files.png</icon>
		<thumb>special://skin/extras/icons/configure.png</thumb>
		<action>RunPlugin("plugin://plugin.program.PoodleWizard/?mode=autoadvanced")</action>
	</shortcut>
	<shortcut>
		<defaultID>settings</defaultID>
		<label>10004</label>
		<label2>הגדרות</label2>
		<icon>Settings.png</icon>
		<thumb />
		<action>ActivateWindow(Settings)</action>
	</shortcut>
	<shortcut>
		<defaultID>20077</defaultID>
		<label>20077</label>
		<label2>הגדרות</label2>
		<icon>SkinSettings.png</icon>
		<thumb />
		<action>ActivateWindow(SkinSettings)</action>
	</shortcut>
</shortcuts>
