<?xml version='1.0' encoding='UTF-8'?>
<shortcuts>
	<shortcut>
		<defaultID />
		<label>[COLOR white]חיפוש בהרחבות[/COLOR]</label>
		<label2>פריטים מותאמים אישית</label2>
		<icon>DefaultShortcut.png</icon>
		<thumb>special://skin/extras/icons/search.png</thumb>
		<action>ActivateWindow(1111)</action>
	</shortcut>
	<shortcut>
		<defaultID>plugin.video.thecrew</defaultID>
		<label>[COLOR white]The Crew[/COLOR]</label>
		<label2>הרחבת וידאו</label2>
		<icon>DefaultShortcut.png</icon>
		<thumb>special://skin/extras/icons/film.png</thumb>
		<action>ActivateWindow(Videos,"plugin://plugin.video.thecrew",return)</action>
	</shortcut>
	<shortcut>
		<defaultID>plugin.video.vod</defaultID>
		<label>[COLOR white]Vision of Destiny[/COLOR]</label>
		<label2>הרחבת וידאו</label2>
		<icon>DefaultShortcut.png</icon>
		<thumb>special://skin/extras/icons/film.png</thumb>
		<action>ActivateWindow(Videos,"plugin://plugin.video.vod",return)</action>
	</shortcut>
	<shortcut>
		<defaultID>plugin.video.fen</defaultID>
		<label>[COLOR white]Fen[/COLOR]</label>
		<label2>הרחבת וידאו</label2>
		<icon>DefaultShortcut.png</icon>
		<thumb>special://skin/extras/icons/film.png</thumb>
		<action>ActivateWindow(Videos,"plugin://plugin.video.fen",return)</action>
	</shortcut>
	<shortcut>
		<defaultID>plugin.video.elementum</defaultID>
		<label>[COLOR white]Elementum[/COLOR] [COLOR white](טורנטים)[/COLOR]</label>
		<label2>הרחבת וידאו</label2>
		<icon>DefaultShortcut.png</icon>
		<thumb>special://skin/extras/icons/film.png</thumb>
		<action>ActivateWindow(Videos,"plugin://plugin.video.elementum",return)</action>
	</shortcut>
	<shortcut>
		<defaultID>plugin.video.telemedia</defaultID>
		<label>[COLOR white]Telemedia[/COLOR] [COLOR white](טלגרם)[/COLOR]</label>
		<label2>הרחבת וידאו</label2>
		<icon>DefaultShortcut.png</icon>
		<thumb>special://skin/extras/icons/film.png</thumb>
		<action>ActivateWindow(Videos,"plugin://plugin.video.telemedia",return)</action>
	</shortcut>
	<shortcut>
		<defaultID>plugin.video.shadow</defaultID>
		<label>[COLOR white]Shadow[/COLOR] [COLOR white](דבריד)[/COLOR]</label>
		<label2>הרחבת וידאו</label2>
		<icon>DefaultShortcut.png</icon>
		<thumb>special://skin/extras/icons/film.png</thumb>
		<action>ActivateWindow(Videos,"plugin://plugin.video.shadow",return)</action>
	</shortcut>
	<shortcut>
		<defaultID>plugin.video.seren</defaultID>
		<label>[COLOR white]Seren[/COLOR] [COLOR white](דבריד)[/COLOR]</label>
		<label2>הרחבת וידאו</label2>
		<icon>DefaultShortcut.png</icon>
		<thumb>special://skin/extras/icons/film.png</thumb>
		<action>ActivateWindow(Videos,"plugin://plugin.video.seren",return)</action>
	</shortcut>
	<shortcut>
		<defaultID>plugin.video.sdarot.tv</defaultID>
		<label>[COLOR white]Sdarot.Tv[/COLOR]</label>
		<label2>הרחבת וידאו</label2>
		<icon>DefaultShortcut.png</icon>
		<thumb>special://skin/extras/icons/film.png</thumb>
		<action>ActivateWindow(Videos,"plugin://plugin.video.sdarot.tv",return)</action>
	</shortcut>
	<shortcut>
		<defaultID>plugin.video.movixws</defaultID>
		<label>[COLOR white]Movix Live[/COLOR]</label>
		<label2>הרחבת וידאו</label2>
		<icon>DefaultShortcut.png</icon>
		<thumb>special://skin/extras/icons/film.png</thumb>
		<action>ActivateWindow(Videos,"plugin://plugin.video.movixws",return)</action>
	</shortcut>
	<shortcut>
		<defaultID>plugin.video.Serviceil</defaultID>
		<label>[COLOR white]Service IL[/COLOR]</label>
		<label2>הרחבת וידאו</label2>
		<icon>DefaultShortcut.png</icon>
		<thumb>special://skin/extras/icons/film.png</thumb>
		<action>ActivateWindow(Videos,"plugin://plugin.video.Serviceil",return)</action>
	</shortcut>
	<shortcut>
		<defaultID>plugin.video.youtube</defaultID>
		<label>[COLOR white]YouTube[/COLOR]</label>
		<label2>הרחבת וידאו</label2>
		<icon>DefaultShortcut.png</icon>
		<thumb>special://skin/extras/icons/film.png</thumb>
		<action>ActivateWindow(Videos,"plugin://plugin.video.youtube",return)</action>
	</shortcut>
	<shortcut>
		<defaultID>plugin.video.wallaNew.video</defaultID>
		<label>וואלה</label>
		<label2>הרחבת וידאו</label2>
		<icon>DefaultShortcut.png</icon>
		<thumb>special://skin/extras/icons/film.png</thumb>
		<action>ActivateWindow(Videos,"plugin://plugin.video.wallaNew.video",return)</action>
	</shortcut>
	<shortcut>
		<defaultID>plugin.video.netflix</defaultID>
		<label>[COLOR white]Netflix[/COLOR] [COLOR white](למנויים)[/COLOR]</label>
		<label2>הרחבת וידאו</label2>
		<icon>DefaultShortcut.png</icon>
		<thumb>special://skin/extras/icons/film.png</thumb>
		<action>ActivateWindow(Videos,"plugin://plugin.video.netflix",return)</action>
	</shortcut>
	<shortcut>
		<defaultID />
		<label>[COLOR white]הרחבות נוספות[/COLOR]</label>
		<label2>פריטים מותאמים אישית</label2>
		<icon>DefaultShortcut.png</icon>
		<thumb>special://skin/extras/icons/play.png</thumb>
		<action>ActivateWindow(1112)</action>
	</shortcut>
</shortcuts>
