<?xml version='1.0' encoding='UTF-8'?>
<shortcuts>
	<shortcut>
		<defaultID>31136</defaultID>
		<label>$SKIN[31136|skin.pellucid|פועל כעת]</label>
		<label2>פריט תפריט נפוץ</label2>
		<icon>DefaultAddon.png</icon>
		<thumb />
		<action>action(FullScreen)</action>
		<visible>Player.HasMedia</visible>
	</shortcut>
	<shortcut>
		<defaultID />
		<label>טלוויזיה ורדיו מישראל</label>
		<label2>פריטים מותאמים אישית</label2>
		<icon>DefaultShortcut.png</icon>
		<thumb />
		<action>ActivateWindow(Videos,"plugin://plugin.video.idanplus",return)</action>
	</shortcut>
	<shortcut>
		<defaultID />
		<label>טלוויזיה מהעולם</label>
		<label2>פריטים מותאמים אישית</label2>
		<icon>DefaultShortcut.png</icon>
		<thumb />
		<action>ActivateWindow(Videos,"plugin://plugin.video.temptv",return)</action>
	</shortcut>
	<shortcut>
		<defaultID />
		<label>ספורט</label>
		<label2>פריטים מותאמים אישית</label2>
		<icon>DefaultShortcut.png</icon>
		<thumb />
		<action>ActivateWindow(Videos,"plugin://plugin.video.Rising.Tides",return)</action>
	</shortcut>
	<shortcut>
		<defaultID />
		<label>תוכן לילדים</label>
		<label2>פריטים מותאמים אישית</label2>
		<icon>DefaultShortcut.png</icon>
		<thumb />
		<action>ActivateWindow(Videos,"plugin://plugin.video.Serviceil/?url=url&amp;mode=9876512&amp;name=%5BCOLOR+aqua%5D%D7%99%D7%9C%D7%93%D7%99%D7%9D+%5B%2FCOLOR%5D",return)</action>
	</shortcut>
	<shortcut>
		<defaultID />
		<label>דה קראו</label>
		<label2>פריטים מותאמים אישית</label2>
		<icon>DefaultShortcut.png</icon>
		<thumb />
		<action>ActivateWindow(Videos,"plugin://plugin.video.thecrew",return)</action>
	</shortcut>
	<shortcut>
		<defaultID />
		<label>אלמנטום (טורנטים)</label>
		<label2>פריטים מותאמים אישית</label2>
		<icon>DefaultShortcut.png</icon>
		<thumb />
		<action>ActivateWindow(Videos,"plugin://plugin.video.elementum",return)</action>
	</shortcut>
	<shortcut>
		<defaultID />
		<label>טלמדיה (טלגרם)</label>
		<label2>פריטים מותאמים אישית</label2>
		<icon>DefaultShortcut.png</icon>
		<thumb />
		<action>ActivateWindow(Videos,"plugin://plugin.video.telemedia",return)</action>
	</shortcut>
	<shortcut>
		<defaultID />
		<label>שאדו (דבריד)</label>
		<label2>פריטים מותאמים אישית</label2>
		<icon>DefaultShortcut.png</icon>
		<thumb />
		<action>ActivateWindow(Videos,"plugin://plugin.video.shadow",return)</action>
	</shortcut>
	<shortcut>
		<defaultID />
		<label>סדרות TV</label>
		<label2>פריטים מותאמים אישית</label2>
		<icon>DefaultShortcut.png</icon>
		<thumb />
		<action>ActivateWindow(Videos,"plugin://plugin.video.sdarot.tv",return)</action>
	</shortcut>
	<shortcut>
		<defaultID />
		<label>מוביקס</label>
		<label2>פריטים מותאמים אישית</label2>
		<icon>DefaultShortcut.png</icon>
		<thumb />
		<action>ActivateWindow(Music,"plugin://plugin.video.movixws",return)</action>
	</shortcut>
	<shortcut>
		<defaultID />
		<label>יוטיוב</label>
		<label2>פריטים מותאמים אישית</label2>
		<icon>DefaultShortcut.png</icon>
		<thumb />
		<action>ActivateWindow(Videos,"plugin://plugin.video.youtube",return)</action>
	</shortcut>
	<shortcut>
		<defaultID />
		<label>רדיו מהעולם</label>
		<label2>פריטים מותאמים אישית</label2>
		<icon>DefaultShortcut.png</icon>
		<thumb />
		<action>ActivateWindow(Music,"plugin://plugin.audio.radio_de",return)</action>
	</shortcut>
	<shortcut>
		<defaultID />
		<label>מועדפים</label>
		<label2>פריטים מותאמים אישית</label2>
		<icon>DefaultShortcut.png</icon>
		<thumb />
		<action>ActivateWindow(Favourites)</action>
	</shortcut>
	<shortcut>
		<defaultID />
		<label>הרחבות</label>
		<label2>פריטים מותאמים אישית</label2>
		<icon>DefaultShortcut.png</icon>
		<thumb />
		<action>ActivateWindow(Videos,"plugin://plugin.program.super.favourites/?label=Addons&amp;mode=400&amp;path=special%3A%2F%2Fprofile%2Faddon_data%2Fplugin.program.super.favourites%2FSuper+Favourites%2FAddons&amp;image=%2Fhome%2Fpenguin%2F.kodi%2Faddons%2Fplugin.program.super.favourites%2Ficon.png&amp;fanart=%2Fhome%2Fpenguin%2F.kodi%2Faddons%2Fplugin.program.super.favourites%2Ffanart.jpg&amp;content_type=",return)</action>
	</shortcut>
	<shortcut>
		<defaultID />
		<label>תחזוקה</label>
		<label2>פריטים מותאמים אישית</label2>
		<icon>DefaultShortcut.png</icon>
		<thumb />
		<action>ActivateWindow(Programs,"plugin://plugin.program.super.favourites/?label=Maintenance&amp;mode=400&amp;path=special%3A%2F%2Fprofile%2Faddon_data%2Fplugin.program.super.favourites%2FSuper+Favourites%2FMaintenance&amp;image=%2Fhome%2Fpenguin%2F.kodi%2Faddons%2Fplugin.program.super.favourites%2Ficon.png&amp;fanart=%2Fhome%2Fpenguin%2F.kodi%2Faddons%2Fplugin.program.super.favourites%2Ffanart.jpg&amp;content_type=",return)</action>
	</shortcut>
	<shortcut>
		<defaultID>31221</defaultID>
		<label>$SKIN[31221|skin.pellucid|נגן תקליטור]</label>
		<label2>פריט תפריט נפוץ</label2>
		<icon>DefaultAddon.png</icon>
		<thumb />
		<action>XBMC.PlayDVD()</action>
	</shortcut>
	<shortcut>
		<defaultID>32033</defaultID>
		<label>32033</label>
		<label2>פריט תפריט נפוץ</label2>
		<icon>DefaultAddon.png</icon>
		<thumb />
		<action>EjectTray()</action>
		<visible>System.HasMediaDVD</visible>
	</shortcut>
	<shortcut>
		<defaultID>31006</defaultID>
		<label>$SKIN[31006|skin.pellucid|טלוויזיה]</label>
		<label2>פריט תפריט נפוץ</label2>
		<icon>DefaultAddon.png</icon>
		<thumb />
		<action>ActivateWindow(TVChannels)</action>
		<visible>PVR.HasTVChannels</visible>
	</shortcut>
	<shortcut>
		<defaultID>31059</defaultID>
		<label>$SKIN[31059|skin.pellucid|רדיו]</label>
		<label2>פריט תפריט נפוץ</label2>
		<icon>DefaultAddon.png</icon>
		<thumb />
		<action>ActivateWindow(Radiochannels)</action>
		<visible>PVR.HasRadioChannels</visible>
	</shortcut>
	<shortcut>
		<defaultID>movies</defaultID>
		<label>342</label>
		<label2>וידאו</label2>
		<icon>DefaultAddon.png</icon>
		<thumb />
		<action>ActivateWindow(Videos,videodb://movies/titles/)</action>
		<visible>Library.HasContent(Movies)</visible>
	</shortcut>
	<shortcut>
		<defaultID>tvshows</defaultID>
		<label>20343</label>
		<label2>וידאו</label2>
		<icon>DefaultAddon.png</icon>
		<thumb />
		<action>ActivateWindow(Videos,videodb://tvshows/titles/)</action>
		<visible>Library.HasContent(TVshows)</visible>
	</shortcut>
	<shortcut>
		<defaultID>2</defaultID>
		<label>2</label>
		<label2>פריט תפריט נפוץ</label2>
		<icon>DefaultAddon.png</icon>
		<thumb />
		<action>ActivateWindow(Music,musicdb://albums/)</action>
		<visible>Library.HasContent(Music)</visible>
	</shortcut>
	<shortcut>
		<defaultID>31229</defaultID>
		<label>$SKIN[31229|skin.pellucid|Play Music]</label>
		<label2>פריט תפריט נפוץ</label2>
		<icon>DefaultAddon.png</icon>
		<thumb />
		<action>PlayerControl(Partymode(music))</action>
		<visible>Library.HasContent(Music)</visible>
	</shortcut>
</shortcuts>
