<favourites>
	<favourite name="[COLOR gold]=== Kids - ילדים ===[/COLOR]" thumb="">Noop</favourite>
	<favourite name="[COLOR white]=== כדי לא להכביד על המערכת מומלץ להתקין רק את ההרחבות שבהן משתמשים ! ===[/COLOR]" thumb="">Noop</favourite>
	<favourite name="([COLOR fuchsia]Victory 2.0[/COLOR]) [COLOR white]פינת הילדים[/COLOR]" thumb="special://home/media/images/icons2/victory.png">ActivateWindow(10025,&quot;plugin://plugin.video.allmoviesin/?data=%20&amp;dates=%20&amp;description=%d7%99%d7%9c%d7%93%d7%99%d7%9d&amp;eng_name=%20&amp;episode=%20&amp;fanart=https%3a%2f%2fwww.desktopbackground.org%2fdownload%2fo%2f2013%2f09%2f27%2f645377_kids-kung-fu-panda-3-movie-4k-wallpapers_3840x2160_h.jpg&amp;fav_status=false&amp;heb_name=%20&amp;iconimage=%2fhome%2fpenguin%2f.kodi%2faddons%2fplugin.video.allmoviesin%2fresources%2flogos%2fk.png&amp;id=%20&amp;isr=0&amp;mode=44&amp;name=%5bCOLOR%20pink%5d%5bI%5d%d7%a4%d7%99%d7%a0%d7%aa%20%d7%94%d7%99%d7%9c%d7%93%d7%99%d7%9d%5b%2fI%5d%5b%2fCOLOR%5d&amp;original_title=%20&amp;season=%20&amp;show_original_year=%20&amp;tmdbid=%20&amp;url=www&amp;sf_options=fanart%3Dhttps%3A%2F%2Fwww.desktopbackground.org%2Fdownload%2Fo%2F2013%2F09%2F27%2F645377_kids-kung-fu-panda-3-movie-4k-wallpapers_3840x2160_h.jpg%26meta%3Dplot%253D%2525D7%252599%2525D7%25259C%2525D7%252593%2525D7%252599%2525D7%25259D%2526votes%253D0%2526label%253D%25255BCOLOR%252Bpink%25255D%25255BI%25255D%2525D7%2525A4%2525D7%252599%2525D7%2525A0%2525D7%2525AA%252B%2525D7%252594%2525D7%252599%2525D7%25259C%2525D7%252593%2525D7%252599%2525D7%25259D%25255B%25252FI%25255D%25255B%25252FCOLOR%25255D%26desc%3D%D7%99%D7%9C%D7%93%D7%99%D7%9D%26_options_sf&quot;,return)</favourite>
	<favourite name="[COLOR white]דרך יוטיוב (המקורי) [/COLOR] ([COLOR aqua]Serviceil[/COLOR]) [COLOR white]סרוויס אי-אל - ילדים[/COLOR]" thumb="special://home/media/images/icons2/serviceil.png">ActivateWindow(10025,&quot;plugin://plugin.video.Serviceil/?mode=9876512&amp;name=%5bCOLOR%20aqua%5d%d7%99%d7%9c%d7%93%d7%99%d7%9d%20%5b%2fCOLOR%5d&amp;url=url&amp;sf_options=fanart%3Dspecial%3A%2F%2Fhome%2Faddons%2Fplugin.video.Serviceil%2Ffanart.jpg%26meta%3Dlabel%253D%25255BCOLOR%252Baqua%25255D%2525D7%252599%2525D7%25259C%2525D7%252593%2525D7%252599%2525D7%25259D%252B%25255B%25252FCOLOR%25255D%26_options_sf&quot;,return)</favourite>
	<favourite name="[COLOR white]דרך MyYoutube [/COLOR] ([COLOR aqua]Serviceil[/COLOR]) [COLOR white]סרוויס אי-אל - ילדים[/COLOR]" thumb="special://home/media/images/icons2/serviceil.png">ActivateWindow(10025,&quot;plugin://plugin.video.Serviceil/?mode=12&amp;name=%5bCOLOR%20aqua%5d%d7%99%d7%9c%d7%93%d7%99%d7%9d%20%5b%2fCOLOR%5d&amp;url=url&amp;sf_options=fanart%3Dspecial%3A%2F%2Fhome%2Faddons%2Fplugin.video.Serviceil%2Ffanart.jpg%26meta%3Dlabel%253D%25255BCOLOR%252Baqua%25255D%2525D7%252599%2525D7%25259C%2525D7%252593%2525D7%252599%2525D7%25259D%252B%25255B%25252FCOLOR%25255D%26_options_sf&quot;,return)</favourite>
	<favourite name="([COLOR orchid]Movix Live[/COLOR]) [COLOR white]סרטי ילדים[/COLOR]" thumb="special://home/media/images/icons2/movix.png">ActivateWindow(10025,&quot;plugin://plugin.video.movixws/?description=%d7%99%d7%9c%d7%93%d7%99%d7%9d&amp;fanart=%2fhome%2fpenguin%2f.kodi%2faddons%2fplugin.video.movixws%2fresources%2flogo%2ffamily.png&amp;iconimage=%2fhome%2fpenguin%2f.kodi%2faddons%2fplugin.video.movixws%2fresources%2flogo%2ffamily.png&amp;mode=2&amp;name=%d7%99%d7%9c%d7%93%d7%99%d7%9d&amp;url=https%3a%2f%2fmovix.live%2fgenre%2fkids%2f&amp;sf_options=fanart%3Dspecial%3A%2F%2Fhome%2Faddons%2Fplugin.video.movixws%2Fresources%2Flogo%2Ffamily.png%26meta%3Dplot%253D%2525D7%252599%2525D7%25259C%2525D7%252593%2525D7%252599%2525D7%25259D%2526votes%253D0%2526label%253D%2525D7%252599%2525D7%25259C%2525D7%252593%2525D7%252599%2525D7%25259D%2526title%253D%2525D7%252599%2525D7%25259C%2525D7%252593%2525D7%252599%2525D7%25259D%26desc%3D%D7%99%D7%9C%D7%93%D7%99%D7%9D%26_options_sf&quot;,return)</favourite>
	<favourite name="([COLOR orchid]Movix Live[/COLOR]) [COLOR white]סרטי משפחה[/COLOR]" thumb="special://home/media/images/icons2/movix.png">ActivateWindow(10025,&quot;plugin://plugin.video.movixws/?description=%d7%9e%d7%a9%d7%a4%d7%97%d7%94&amp;fanart=%2fhome%2fpenguin%2f.kodi%2faddons%2fplugin.video.movixws%2fresources%2flogo%2fdocumentary.png&amp;iconimage=%2fhome%2fpenguin%2f.kodi%2faddons%2fplugin.video.movixws%2fresources%2flogo%2fdocumentary.png&amp;mode=2&amp;name=%d7%9e%d7%a9%d7%a4%d7%97%d7%94&amp;url=https%3a%2f%2fmovix.live%2fgenre%2ffamily%2f&amp;sf_options=fanart%3Dspecial%3A%2F%2Fhome%2Faddons%2Fplugin.video.movixws%2Fresources%2Flogo%2Fdocumentary.png%26meta%3Dplot%253D%2525D7%25259E%2525D7%2525A9%2525D7%2525A4%2525D7%252597%2525D7%252594%2526votes%253D0%2526label%253D%2525D7%25259E%2525D7%2525A9%2525D7%2525A4%2525D7%252597%2525D7%252594%2526title%253D%2525D7%25259E%2525D7%2525A9%2525D7%2525A4%2525D7%252597%2525D7%252594%26desc%3D%D7%9E%D7%A9%D7%A4%D7%97%D7%94%26_options_sf&quot;,return)</favourite>
	<favourite name="([COLOR orchid]Kids Tube[/COLOR]) [COLOR white]סרטוני ילדים מהעולם[/COLOR]" thumb="special://home/media/images/icons2/kidstube.png">ActivateWindow(10025,&quot;plugin://plugin.video.kids-tube/?sf_options=fanart%3Dspecial%3A%2F%2Fhome%2Faddons%2Fplugin.video.kids-tube%2Ffanart.jpg%26meta%3Dlabel%253DKids%252BTube%26desc%3DYouTube+Channels+of+Fun+and+Educational+videos+for+kids%26_options_sf&quot;,return)</favourite>
	<favourite name="([COLOR fuchsia]TempTV[/COLOR]) [COLOR white]ערוצי ילדים מהעולם[/COLOR]" thumb="special://home/media/images/icons2/temptv.png">ActivateWindow(10025,&quot;plugin://plugin.video.temptv/?action=kids&amp;sf_options=fanart%3Dspecial%3A%2F%2Fhome%2Faddons%2Fscript.temptv.artwork%2Fresources%2Fmedia%2Ftemptv%2Ffanart.jpg%26meta%3Dlabel%253DKids%26_options_sf&quot;,return)</favourite>
	<favourite name="([COLOR orchid]The Crew[/COLOR]) [COLOR white]ערוצי ילדים מהעולם[/COLOR]" thumb="special://home/media/images/icons2/thecrew.png">ActivateWindow(10025,&quot;plugin://plugin.video.thecrew/?action=greyhat&amp;sf_options=fanart%3Dspecial%3A%2F%2Fhome%2Faddons%2Fscript.thecrew.artwork%2Fresources%2Fmedia%2Fthecrew%2Ffanart.jpg%26meta%3Dlabel%253D%25255BCOLOR%252Borchid%25255D%2525C2%2525A4%25255B%25252FCOLOR%25255D%252B%25255BB%25255D%25255BCOLOR%252Bwhite%25255D%25255B%25252FCOLOR%25255D%25255BCOLOR%252Borchid%25255D%25255B%25252FCOLOR%25255D%25255BCOLOR%252Bwhite%25255DKids%25255B%25252FCOLOR%25255D%25255B%25252FB%25255D%26_options_sf&quot;,return)</favourite>
</favourites>
