<favourites>
	<favourite name="[COLOR gold]=== Maintenance - תחזוקה ===[/COLOR]" thumb="">Noop</favourite>
	<favourite name="[COLOR white](b)1[/COLOR] [COLOR white]עדכון מהיר מספר[/COLOR]" thumb="special://home/media/icons/warning.png">ActivateWindow(10001,&quot;plugin://plugin.program.PoodleWizard/&quot;,return)</favourite>
	<favourite name="[COLOR white]פודל וויזארד[/COLOR]" thumb="special://home/media/icons/wizard.png">ActivateWindow(10001,&quot;plugin://plugin.program.PoodleWizard/&quot;,return)</favourite>
	<favourite name="[COLOR white]תפריט שמירת נתונים[/COLOR]" thumb="special://home/media/icons/recentlyadded.png">ActivateWindow(10001,&quot;plugin://plugin.program.PoodleWizard/?mode=savedata&amp;sf_options=fanart%3Dspecial%3A%2F%2Fhome%2Faddons%2Fplugin.program.PoodleWizard%2Ffanart.jpg%26meta%3Dplot%253D%25255BCOLOR%252Borangered%25255DPoodle%252BWizard%25255B%25252FCOLOR%25255D%2526votes%253D0%2526label%253D%25255BCOLOR%252Bwhite%25255D%2525D7%2525AA%2525D7%2525A4%2525D7%2525A8%2525D7%252599%2525D7%252598%252B%2525D7%2525A9%2525D7%25259E%2525D7%252599%2525D7%2525A8%2525D7%2525AA%252B%2525D7%2525A0%2525D7%2525AA%2525D7%252595%2525D7%2525A0%2525D7%252599%2525D7%25259D%25255B%25252FCOLOR%25255D%2526title%253D%25255BCOLOR%252Bwhite%25255D%2525D7%2525AA%2525D7%2525A4%2525D7%2525A8%2525D7%252599%2525D7%252598%252B%2525D7%2525A9%2525D7%25259E%2525D7%252599%2525D7%2525A8%2525D7%2525AA%252B%2525D7%2525A0%2525D7%2525AA%2525D7%252595%2525D7%2525A0%2525D7%252599%2525D7%25259D%25255B%25252FCOLOR%25255D%26desc%3D%5BCOLOR+orangered%5DPoodle+Wizard%5B%2FCOLOR%5D%26_options_sf&quot;,return)</favourite>
	<favourite name="[COLOR white]ניקוי קבצים זמניים[/COLOR]" thumb="special://home/media/icons/paintbrush.png">RunPlugin(&quot;plugin://plugin.program.PoodleWizard/?mode=fullclean&quot;)</favourite>
	<favourite name="[COLOR white]תפריט בדיקת מהירות[/COLOR]" thumb="special://home/media/icons/compass.png">ActivateWindow(10001,&quot;plugin://plugin.program.PoodleWizard/?mode=speedtest&quot;,return)</favourite>
	<favourite name="[COLOR white]הגדרת קובץ מטמון אוטומטית[/COLOR]" thumb="special://home/media/icons/configure.png">RunPlugin(&quot;plugin://plugin.program.PoodleWizard/?mode=autoadvanced&quot;)</favourite>
	<favourite name="[COLOR white]הגדרות[/COLOR]" thumb="special://home/media/icons/settings.png">ActivateWindow(Settings)</favourite>
	<favourite name="[COLOR white]הגדרות מעטפת[/COLOR]" thumb="special://home/media/icons/skinsettings.png">ActivateWindow(SkinSettings)</favourite>
</favourites>
