<favourites>
	<favourite name="[COLOR gold]=== הגדרות מערכת ===[/COLOR]" thumb="">Noop</favourite>
	<favourite name="0- [COLOR gold]הגדרות[/COLOR]" thumb="special://home/media/images/icons1/settings.png">ActivateWindow(Settings)</favourite>
	<favourite name="1- [COLOR gold]מנהל קבצים[/COLOR]" thumb="special://home/media/images/icons1/files.png">ActivateWindow(FileManager)</favourite>
	<favourite name="2- [COLOR gold]הרחבות[/COLOR]" thumb="special://home/media/images/icons1/addon.png">ActivateWindow(AddonBrowser)</favourite>
	<favourite name="3- [COLOR gold]פרטי מערכת[/COLOR]" thumb="special://home/media/images/icons1/files.png">ActivateWindow(SystemInfo)</favourite>
	<favourite name="4- [COLOR gold]יומן אירועים[/COLOR]" thumb="special://home/media/images/icons1/files.png">ActivateWindow(Eventlog)</favourite>
	<favourite name="5- [COLOR gold]נגן[/COLOR]" thumb="special://home/media/images/icons1/files.png">ActivateWindow(PlayerSettings)</favourite>
	<favourite name="6- [COLOR gold]ספריה[/COLOR]" thumb="special://home/media/images/icons1/files.png">ActivateWindow(LibrarySettings)</favourite>
	<favourite name="7- [COLOR gold]טלוויזיה[/COLOR]" thumb="special://home/media/images/icons1/tv.png">ActivateWindow(PVRSettings)</favourite>
	<favourite name="8- [COLOR gold]שירותים[/COLOR]" thumb="special://home/media/images/icons1/files.png">ActivateWindow(ServiceSettings)</favourite>
	<favourite name="9- [COLOR gold]משחקים[/COLOR]" thumb="special://home/media/images/icons1/xbox.png">ActivateWindow(GamesSettings)</favourite>
	<favourite name="10- [COLOR gold]ממשק[/COLOR]" thumb="special://home/media/images/icons1/files.png">ActivateWindow(InterfaceSettings)</favourite>
	<favourite name="11- [COLOR gold]משתמשים[/COLOR]" thumb="special://home/media/images/icons1/artist.png">ActivateWindow(Profiles)</favourite>
	<favourite name="12- [COLOR gold]מערכת[/COLOR]" thumb="special://home/media/images/icons1/files.png">ActivateWindow(SystemSettings)</favourite>
	<favourite name="13- [COLOR gold]הגדרות מעטפת[/COLOR]" thumb="special://home/media/images/icons1/skinsettings.png">ActivateWindow(SkinSettings)</favourite>
	<favourite name="14- [COLOR gold]הרחבות וידאו[/COLOR]" thumb="special://home/media/images/icons1/files.png">ActivateWindow(Videos,Addons,return)</favourite>
	<favourite name="15- [COLOR gold]הרחבות מוזיקה[/COLOR]" thumb="special://home/media/images/icons1/files.png">ActivateWindow(Music,Addons,return)</favourite>
	<favourite name="16- [COLOR gold]הרחבות תוכנות[/COLOR]" thumb="special://home/media/images/icons1/files.png">ActivateWindow(Programs,Addons,return)</favourite>	
	<favourite name="17- [COLOR gold]תפריט כיבוי[/COLOR]" thumb="special://home/media/images/icons1/power.png">ActivateWindow(ShutDownMenu)</favourite>
	<favourite name="18- [COLOR gold]מועדפים[/COLOR]" thumb="special://home/media/images/icons1/favourite.png">ActivateWindow(Favourites)</favourite>
	<favourite name="19- [COLOR gold]מזג האוויר[/COLOR]" thumb="special://home/media/images/icons1/files.png">ActivateWindow(Weather)</favourite>
	<favourite name="20- [COLOR gold]תמונות[/COLOR]" thumb="special://home/media/images/icons1/files.png">ActivateWindow(Pictures,return)</favourite>
	<favourite name="21- [COLOR gold]מוזיקה[/COLOR]" thumb="special://home/media/images/icons1/files.png">ActivateWindow(Music,files)</favourite>
</favourites>
