<favourites>
	<favourite name="[COLOR gold]=== Maintenance - תחזוקה ===[/COLOR]" thumb="">Noop</favourite>
	<favourite name="1- [COLOR white]פודל וויזארד[/COLOR]" thumb="special://home/media/images/icons1/kodi2.png">ActivateWindow(10001,&quot;plugin://plugin.program.PoodleWizard/&quot;,return)</favourite>
	<favourite name="2- [COLOR white]הגדרות[/COLOR]" thumb="special://home/media/images/icons1/settings.png">ActivateWindow(Settings)</favourite>
	<favourite name="3- [COLOR white]הגדרות מעטפת[/COLOR]" thumb="special://home/media/images/icons1/skinsettings.png">ActivateWindow(SkinSettings)</favourite>
	<favourite name="4- [COLOR white]ניקוי קבצים זמניים[/COLOR]" thumb="special://home/media/images/icons1/paintbrush.png">RunPlugin(&quot;plugin://plugin.program.PoodleWizard/?mode=fullclean&quot;)</favourite>
	<favourite name="5- [COLOR white]תפריט בדיקת מהירות[/COLOR]" thumb="special://home/media/images/icons2/speedtest-by-ookla.jpg">ActivateWindow(10001,&quot;plugin://plugin.program.PoodleWizard/?mode=speedtest&quot;,return)</favourite>
	<favourite name="6- [COLOR white]הגדרת קובץ מטמון אוטומטית[/COLOR]" thumb="special://home/media/images/icons1/configure.png">RunPlugin(&quot;plugin://plugin.program.PoodleWizard/?mode=autoadvanced&quot;)</favourite>
</favourites>
